"id","country_id","localization_default_id","created_at","updated_at"
43,2,44,2026-05-11 16:09:30.944 +0500,2026-05-11 16:09:30.944 +0500
44,2,45,2026-05-11 16:09:30.944 +0500,2026-05-11 16:09:30.944 +0500
45,2,46,2026-05-11 16:09:30.944 +0500,2026-05-11 16:09:30.944 +0500
46,2,47,2026-05-11 16:09:30.944 +0500,2026-05-11 16:09:30.944 +0500
47,9,48,2026-05-11 16:09:30.944 +0500,2026-05-11 16:09:30.944 +0500
48,9,49,2026-05-11 16:09:30.944 +0500,2026-05-11 16:09:30.944 +0500
49,10,52,2026-05-11 16:09:30.944 +0500,2026-05-11 16:09:30.944 +0500
50,11,54,2026-05-11 16:09:30.944 +0500,2026-05-11 16:09:30.944 +0500
51,12,56,2026-05-11 16:09:30.944 +0500,2026-05-11 16:09:30.944 +0500
52,2,57,2026-05-11 16:09:30.944 +0500,2026-05-11 16:09:30.944 +0500
53,3,57,2026-05-11 16:09:30.944 +0500,2026-05-11 16:09:30.944 +0500
54,4,57,2026-05-11 16:09:30.944 +0500,2026-05-11 16:09:30.944 +0500
55,5,57,2026-05-11 16:09:30.944 +0500,2026-05-11 16:09:30.944 +0500
56,6,57,2026-05-11 16:09:30.944 +0500,2026-05-11 16:09:30.944 +0500
57,7,57,2026-05-11 16:09:30.944 +0500,2026-05-11 16:09:30.944 +0500
58,9,57,2026-05-11 16:09:30.944 +0500,2026-05-11 16:09:30.944 +0500
59,10,57,2026-05-11 16:09:30.944 +0500,2026-05-11 16:09:30.944 +0500
60,11,57,2026-05-11 16:09:30.944 +0500,2026-05-11 16:09:30.944 +0500
61,12,57,2026-05-11 16:09:30.944 +0500,2026-05-11 16:09:30.944 +0500
62,13,57,2026-05-11 16:09:30.944 +0500,2026-05-11 16:09:30.944 +0500
63,3,58,2026-05-11 16:09:30.944 +0500,2026-05-11 16:09:30.944 +0500
64,13,60,2026-05-11 16:09:30.944 +0500,2026-05-11 16:09:30.944 +0500
67,15,62,2026-05-11 16:09:30.944 +0500,2026-05-11 16:09:30.944 +0500
68,15,63,2026-05-11 16:09:30.944 +0500,2026-05-11 16:09:30.944 +0500
69,15,64,2026-05-11 16:09:30.944 +0500,2026-05-11 16:09:30.944 +0500
70,15,65,2026-05-11 16:09:30.944 +0500,2026-05-11 16:09:30.944 +0500
71,15,66,2026-05-11 16:09:30.944 +0500,2026-05-11 16:09:30.944 +0500
72,15,67,2026-05-11 16:09:30.944 +0500,2026-05-11 16:09:30.944 +0500
73,15,68,2026-05-11 16:09:30.944 +0500,2026-05-11 16:09:30.944 +0500
74,15,69,2026-05-11 16:09:30.944 +0500,2026-05-11 16:09:30.944 +0500
75,15,70,2026-05-11 16:09:30.944 +0500,2026-05-11 16:09:30.944 +0500
76,15,71,2026-05-11 16:09:30.944 +0500,2026-05-11 16:09:30.944 +0500
77,15,72,2026-05-11 16:09:30.944 +0500,2026-05-11 16:09:30.944 +0500
78,15,73,2026-05-11 16:09:30.944 +0500,2026-05-11 16:09:30.944 +0500
79,15,74,2026-05-11 16:09:30.944 +0500,2026-05-11 16:09:30.944 +0500
80,15,75,2026-05-11 16:09:30.944 +0500,2026-05-11 16:09:30.944 +0500
81,15,76,2026-05-11 16:09:30.944 +0500,2026-05-11 16:09:30.944 +0500
82,15,77,2026-05-11 16:09:30.944 +0500,2026-05-11 16:09:30.944 +0500
83,15,78,2026-05-11 16:09:30.944 +0500,2026-05-11 16:09:30.944 +0500
84,15,79,2026-05-11 16:09:30.944 +0500,2026-05-11 16:09:30.944 +0500
85,15,80,2026-05-11 16:09:30.944 +0500,2026-05-11 16:09:30.944 +0500
86,15,81,2026-05-11 16:09:30.944 +0500,2026-05-11 16:09:30.944 +0500
10,2,17,2026-05-11 16:09:30.944 +0500,2026-05-11 16:09:30.944 +0500
11,2,18,2026-05-11 16:09:30.944 +0500,2026-05-11 16:09:30.944 +0500
12,2,19,2026-05-11 16:09:30.944 +0500,2026-05-11 16:09:30.944 +0500
13,3,20,2026-05-11 16:09:30.944 +0500,2026-05-11 16:09:30.944 +0500
14,3,21,2026-05-11 16:09:30.944 +0500,2026-05-11 16:09:30.944 +0500
15,3,22,2026-05-11 16:09:30.944 +0500,2026-05-11 16:09:30.944 +0500
16,3,23,2026-05-11 16:09:30.944 +0500,2026-05-11 16:09:30.944 +0500
17,3,24,2026-05-11 16:09:30.944 +0500,2026-05-11 16:09:30.944 +0500
23,5,30,2026-05-11 16:09:30.944 +0500,2026-05-11 16:09:30.944 +0500
24,6,31,2026-05-11 16:09:30.944 +0500,2026-05-11 16:09:30.944 +0500
25,6,32,2026-05-11 16:09:30.944 +0500,2026-05-11 16:09:30.944 +0500
26,7,33,2026-05-11 16:09:30.944 +0500,2026-05-11 16:09:30.944 +0500
27,4,34,2026-05-11 16:09:30.944 +0500,2026-05-11 16:09:30.944 +0500
28,4,35,2026-05-11 16:09:30.944 +0500,2026-05-11 16:09:30.944 +0500
29,4,36,2026-05-11 16:09:30.944 +0500,2026-05-11 16:09:30.944 +0500
30,4,37,2026-05-11 16:09:30.944 +0500,2026-05-11 16:09:30.944 +0500
31,4,38,2026-05-11 16:09:30.944 +0500,2026-05-11 16:09:30.944 +0500
87,15,82,2026-05-11 16:09:30.944 +0500,2026-05-11 16:09:30.944 +0500
88,15,83,2026-05-11 16:09:30.944 +0500,2026-05-11 16:09:30.944 +0500
89,15,84,2026-05-11 16:09:30.944 +0500,2026-05-11 16:09:30.944 +0500
90,15,85,2026-05-11 16:09:30.944 +0500,2026-05-11 16:09:30.944 +0500
91,15,86,2026-05-11 16:09:30.944 +0500,2026-05-11 16:09:30.944 +0500
92,15,87,2026-05-11 16:09:30.944 +0500,2026-05-11 16:09:30.944 +0500
93,15,88,2026-05-11 16:09:30.944 +0500,2026-05-11 16:09:30.944 +0500
94,15,89,2026-05-11 16:09:30.944 +0500,2026-05-11 16:09:30.944 +0500
95,15,90,2026-05-11 16:09:30.944 +0500,2026-05-11 16:09:30.944 +0500
96,15,91,2026-05-11 16:09:30.944 +0500,2026-05-11 16:09:30.944 +0500
97,15,92,2026-05-11 16:09:30.944 +0500,2026-05-11 16:09:30.944 +0500
98,15,93,2026-05-11 16:09:30.944 +0500,2026-05-11 16:09:30.944 +0500
99,15,94,2026-05-11 16:09:30.944 +0500,2026-05-11 16:09:30.944 +0500
100,15,95,2026-05-11 16:09:30.944 +0500,2026-05-11 16:09:30.944 +0500
101,15,96,2026-05-11 16:09:30.944 +0500,2026-05-11 16:09:30.944 +0500
102,15,97,2026-05-11 16:09:30.944 +0500,2026-05-11 16:09:30.944 +0500
103,15,98,2026-05-11 16:09:30.944 +0500,2026-05-11 16:09:30.944 +0500
104,15,99,2026-05-11 16:09:30.944 +0500,2026-05-11 16:09:30.944 +0500
105,15,100,2026-05-11 16:09:30.944 +0500,2026-05-11 16:09:30.944 +0500
106,15,101,2026-05-11 16:09:30.944 +0500,2026-05-11 16:09:30.944 +0500
107,15,102,2026-05-11 16:09:30.944 +0500,2026-05-11 16:09:30.944 +0500
108,15,103,2026-05-11 16:09:30.944 +0500,2026-05-11 16:09:30.944 +0500
109,15,104,2026-05-11 16:09:30.944 +0500,2026-05-11 16:09:30.944 +0500
110,15,105,2026-05-11 16:09:30.944 +0500,2026-05-11 16:09:30.944 +0500
111,15,106,2026-05-11 16:09:30.944 +0500,2026-05-11 16:09:30.944 +0500
112,15,107,2026-05-11 16:09:30.944 +0500,2026-05-11 16:09:30.944 +0500
113,15,108,2026-05-11 16:09:30.944 +0500,2026-05-11 16:09:30.944 +0500
114,15,109,2026-05-11 16:09:30.944 +0500,2026-05-11 16:09:30.944 +0500
115,15,110,2026-05-11 16:09:30.944 +0500,2026-05-11 16:09:30.944 +0500
116,15,111,2026-05-11 16:09:30.944 +0500,2026-05-11 16:09:30.944 +0500
117,15,112,2026-05-11 16:09:30.944 +0500,2026-05-11 16:09:30.944 +0500
118,15,113,2026-05-11 16:09:30.944 +0500,2026-05-11 16:09:30.944 +0500
119,15,114,2026-05-11 16:09:30.944 +0500,2026-05-11 16:09:30.944 +0500
120,15,115,2026-05-11 16:09:30.944 +0500,2026-05-11 16:09:30.944 +0500
121,15,116,2026-05-11 16:09:30.944 +0500,2026-05-11 16:09:30.944 +0500
122,15,117,2026-05-11 16:09:30.944 +0500,2026-05-11 16:09:30.944 +0500
123,15,118,2026-05-11 16:09:30.944 +0500,2026-05-11 16:09:30.944 +0500
124,15,119,2026-05-11 16:09:30.944 +0500,2026-05-11 16:09:30.944 +0500
125,15,120,2026-05-11 16:09:30.944 +0500,2026-05-11 16:09:30.944 +0500
126,15,121,2026-05-11 16:09:30.944 +0500,2026-05-11 16:09:30.944 +0500
127,15,122,2026-05-11 16:09:30.944 +0500,2026-05-11 16:09:30.944 +0500
128,15,123,2026-05-11 16:09:30.944 +0500,2026-05-11 16:09:30.944 +0500
129,15,124,2026-05-11 16:09:30.944 +0500,2026-05-11 16:09:30.944 +0500
130,15,125,2026-05-11 16:09:30.944 +0500,2026-05-11 16:09:30.944 +0500
131,15,126,2026-05-11 16:09:30.944 +0500,2026-05-11 16:09:30.944 +0500
132,15,127,2026-05-11 16:09:30.944 +0500,2026-05-11 16:09:30.944 +0500
133,15,128,2026-05-11 16:09:30.944 +0500,2026-05-11 16:09:30.944 +0500
134,15,129,2026-05-11 16:09:30.944 +0500,2026-05-11 16:09:30.944 +0500
135,15,130,2026-05-11 16:09:30.944 +0500,2026-05-11 16:09:30.944 +0500
136,15,131,2026-05-11 16:09:30.944 +0500,2026-05-11 16:09:30.944 +0500
137,15,132,2026-05-11 16:09:30.944 +0500,2026-05-11 16:09:30.944 +0500
138,15,133,2026-05-11 16:09:30.944 +0500,2026-05-11 16:09:30.944 +0500
139,15,134,2026-05-11 16:09:30.944 +0500,2026-05-11 16:09:30.944 +0500
140,15,135,2026-05-11 16:09:30.944 +0500,2026-05-11 16:09:30.944 +0500
141,15,136,2026-05-11 16:09:30.944 +0500,2026-05-11 16:09:30.944 +0500
142,15,137,2026-05-11 16:09:30.944 +0500,2026-05-11 16:09:30.944 +0500
143,15,138,2026-05-11 16:09:30.944 +0500,2026-05-11 16:09:30.944 +0500
144,15,139,2026-05-11 16:09:30.944 +0500,2026-05-11 16:09:30.944 +0500
145,15,140,2026-05-11 16:09:30.944 +0500,2026-05-11 16:09:30.944 +0500
146,15,141,2026-05-11 16:09:30.944 +0500,2026-05-11 16:09:30.944 +0500
147,15,142,2026-05-11 16:09:30.944 +0500,2026-05-11 16:09:30.944 +0500
148,15,143,2026-05-11 16:09:30.944 +0500,2026-05-11 16:09:30.944 +0500
149,15,144,2026-05-11 16:09:30.944 +0500,2026-05-11 16:09:30.944 +0500
150,15,145,2026-05-11 16:09:30.944 +0500,2026-05-11 16:09:30.944 +0500
151,15,146,2026-05-11 16:09:30.944 +0500,2026-05-11 16:09:30.944 +0500
152,15,147,2026-05-11 16:09:30.944 +0500,2026-05-11 16:09:30.944 +0500
153,15,148,2026-05-11 16:09:30.944 +0500,2026-05-11 16:09:30.944 +0500
154,15,149,2026-05-11 16:09:30.944 +0500,2026-05-11 16:09:30.944 +0500
155,15,150,2026-05-11 16:09:30.944 +0500,2026-05-11 16:09:30.944 +0500
156,15,151,2026-05-11 16:09:30.944 +0500,2026-05-11 16:09:30.944 +0500
157,15,152,2026-05-11 16:09:30.944 +0500,2026-05-11 16:09:30.944 +0500
158,15,153,2026-05-11 16:09:30.944 +0500,2026-05-11 16:09:30.944 +0500
159,15,154,2026-05-11 16:09:30.944 +0500,2026-05-11 16:09:30.944 +0500
160,15,155,2026-05-11 16:09:30.944 +0500,2026-05-11 16:09:30.944 +0500
161,15,156,2026-05-11 16:09:30.944 +0500,2026-05-11 16:09:30.944 +0500
162,15,157,2026-05-11 16:09:30.944 +0500,2026-05-11 16:09:30.944 +0500
163,15,158,2026-05-11 16:09:30.944 +0500,2026-05-11 16:09:30.944 +0500
164,15,159,2026-05-11 16:09:30.944 +0500,2026-05-11 16:09:30.944 +0500
165,15,160,2026-05-11 16:09:30.944 +0500,2026-05-11 16:09:30.944 +0500
166,15,161,2026-05-11 16:09:30.944 +0500,2026-05-11 16:09:30.944 +0500
167,15,162,2026-05-11 16:09:30.944 +0500,2026-05-11 16:09:30.944 +0500
168,15,163,2026-05-11 16:09:30.944 +0500,2026-05-11 16:09:30.944 +0500
169,15,164,2026-05-11 16:09:30.944 +0500,2026-05-11 16:09:30.944 +0500
170,15,165,2026-05-11 16:09:30.944 +0500,2026-05-11 16:09:30.944 +0500
171,15,166,2026-05-11 16:09:30.944 +0500,2026-05-11 16:09:30.944 +0500
172,15,167,2026-05-11 16:09:30.944 +0500,2026-05-11 16:09:30.944 +0500
173,15,168,2026-05-11 16:09:30.944 +0500,2026-05-11 16:09:30.944 +0500
174,15,169,2026-05-11 16:09:30.944 +0500,2026-05-11 16:09:30.944 +0500
175,15,170,2026-05-11 16:09:30.944 +0500,2026-05-11 16:09:30.944 +0500
176,15,171,2026-05-11 16:09:30.944 +0500,2026-05-11 16:09:30.944 +0500
177,15,172,2026-05-11 16:09:30.944 +0500,2026-05-11 16:09:30.944 +0500
178,15,173,2026-05-11 16:09:30.944 +0500,2026-05-11 16:09:30.944 +0500
179,15,174,2026-05-11 16:09:30.944 +0500,2026-05-11 16:09:30.944 +0500
180,15,175,2026-05-11 16:09:30.944 +0500,2026-05-11 16:09:30.944 +0500
181,15,176,2026-05-11 16:09:30.944 +0500,2026-05-11 16:09:30.944 +0500
182,15,177,2026-05-11 16:09:30.944 +0500,2026-05-11 16:09:30.944 +0500
183,15,178,2026-05-11 16:09:30.944 +0500,2026-05-11 16:09:30.944 +0500
184,15,179,2026-05-11 16:09:30.944 +0500,2026-05-11 16:09:30.944 +0500
185,15,180,2026-05-11 16:09:30.944 +0500,2026-05-11 16:09:30.944 +0500
186,15,181,2026-05-11 16:09:30.944 +0500,2026-05-11 16:09:30.944 +0500
187,15,182,2026-05-11 16:09:30.944 +0500,2026-05-11 16:09:30.944 +0500
188,15,183,2026-05-11 16:09:30.944 +0500,2026-05-11 16:09:30.944 +0500
189,15,184,2026-05-11 16:09:30.944 +0500,2026-05-11 16:09:30.944 +0500
190,15,185,2026-05-11 16:09:30.944 +0500,2026-05-11 16:09:30.944 +0500
191,15,186,2026-05-11 16:09:30.944 +0500,2026-05-11 16:09:30.944 +0500
192,15,187,2026-05-11 16:09:30.944 +0500,2026-05-11 16:09:30.944 +0500
193,15,188,2026-05-11 16:09:30.944 +0500,2026-05-11 16:09:30.944 +0500
194,15,189,2026-05-11 16:09:30.944 +0500,2026-05-11 16:09:30.944 +0500
195,15,190,2026-05-11 16:09:30.944 +0500,2026-05-11 16:09:30.944 +0500
196,15,191,2026-05-11 16:09:30.944 +0500,2026-05-11 16:09:30.944 +0500
197,15,192,2026-05-11 16:09:30.944 +0500,2026-05-11 16:09:30.944 +0500
198,15,193,2026-05-11 16:09:30.944 +0500,2026-05-11 16:09:30.944 +0500
199,15,194,2026-05-11 16:09:30.944 +0500,2026-05-11 16:09:30.944 +0500
201,15,196,2026-05-11 16:09:30.944 +0500,2026-05-11 16:09:30.944 +0500
202,15,197,2026-05-11 16:09:30.944 +0500,2026-05-11 16:09:30.944 +0500
203,15,198,2026-05-11 16:09:30.944 +0500,2026-05-11 16:09:30.944 +0500
204,15,199,2026-05-11 16:09:30.944 +0500,2026-05-11 16:09:30.944 +0500
205,15,200,2026-05-11 16:09:30.944 +0500,2026-05-11 16:09:30.944 +0500
206,15,201,2026-05-11 16:09:30.944 +0500,2026-05-11 16:09:30.944 +0500
207,15,202,2026-05-11 16:09:30.944 +0500,2026-05-11 16:09:30.944 +0500
208,15,203,2026-05-11 16:09:30.944 +0500,2026-05-11 16:09:30.944 +0500
209,15,204,2026-05-11 16:09:30.944 +0500,2026-05-11 16:09:30.944 +0500
210,15,205,2026-05-11 16:09:30.944 +0500,2026-05-11 16:09:30.944 +0500
211,15,206,2026-05-11 16:09:30.944 +0500,2026-05-11 16:09:30.944 +0500
212,15,207,2026-05-11 16:09:30.944 +0500,2026-05-11 16:09:30.944 +0500
213,15,208,2026-05-11 16:09:30.944 +0500,2026-05-11 16:09:30.944 +0500
214,15,209,2026-05-11 16:09:30.944 +0500,2026-05-11 16:09:30.944 +0500
215,15,210,2026-05-11 16:09:30.944 +0500,2026-05-11 16:09:30.944 +0500
216,15,211,2026-05-11 16:09:30.944 +0500,2026-05-11 16:09:30.944 +0500
217,15,212,2026-05-11 16:09:30.944 +0500,2026-05-11 16:09:30.944 +0500
218,15,213,2026-05-11 16:09:30.944 +0500,2026-05-11 16:09:30.944 +0500
219,15,214,2026-05-11 16:09:30.944 +0500,2026-05-11 16:09:30.944 +0500
220,15,215,2026-05-11 16:09:30.944 +0500,2026-05-11 16:09:30.944 +0500
221,15,216,2026-05-11 16:09:30.944 +0500,2026-05-11 16:09:30.944 +0500
222,15,217,2026-05-11 16:09:30.944 +0500,2026-05-11 16:09:30.944 +0500
223,15,218,2026-05-11 16:09:30.944 +0500,2026-05-11 16:09:30.944 +0500
224,15,219,2026-05-11 16:09:30.944 +0500,2026-05-11 16:09:30.944 +0500
225,15,220,2026-05-11 16:09:30.944 +0500,2026-05-11 16:09:30.944 +0500
226,15,221,2026-05-11 16:09:30.944 +0500,2026-05-11 16:09:30.944 +0500
227,15,222,2026-05-11 16:09:30.944 +0500,2026-05-11 16:09:30.944 +0500
228,15,223,2026-05-11 16:09:30.944 +0500,2026-05-11 16:09:30.944 +0500
229,15,224,2026-05-11 16:09:30.944 +0500,2026-05-11 16:09:30.944 +0500
230,15,225,2026-05-11 16:09:30.944 +0500,2026-05-11 16:09:30.944 +0500
231,15,226,2026-05-11 16:09:30.944 +0500,2026-05-11 16:09:30.944 +0500
232,15,227,2026-05-11 16:09:30.944 +0500,2026-05-11 16:09:30.944 +0500
233,15,228,2026-05-11 16:09:30.944 +0500,2026-05-11 16:09:30.944 +0500
234,15,229,2026-05-11 16:09:30.944 +0500,2026-05-11 16:09:30.944 +0500
235,15,230,2026-05-11 16:09:30.944 +0500,2026-05-11 16:09:30.944 +0500
236,15,231,2026-05-11 16:09:30.944 +0500,2026-05-11 16:09:30.944 +0500
237,15,232,2026-05-11 16:09:30.944 +0500,2026-05-11 16:09:30.944 +0500
238,15,233,2026-05-11 16:09:30.944 +0500,2026-05-11 16:09:30.944 +0500
239,15,234,2026-05-11 16:09:30.944 +0500,2026-05-11 16:09:30.944 +0500
240,15,235,2026-05-11 16:09:30.944 +0500,2026-05-11 16:09:30.944 +0500
241,15,236,2026-05-11 16:09:30.944 +0500,2026-05-11 16:09:30.944 +0500
242,15,237,2026-05-11 16:09:30.944 +0500,2026-05-11 16:09:30.944 +0500
243,15,238,2026-05-11 16:09:30.944 +0500,2026-05-11 16:09:30.944 +0500
244,15,239,2026-05-11 16:09:30.944 +0500,2026-05-11 16:09:30.944 +0500
245,15,240,2026-05-11 16:09:30.944 +0500,2026-05-11 16:09:30.944 +0500
246,15,241,2026-05-11 16:09:30.944 +0500,2026-05-11 16:09:30.944 +0500
247,15,242,2026-05-11 16:09:30.944 +0500,2026-05-11 16:09:30.944 +0500
248,15,243,2026-05-11 16:09:30.944 +0500,2026-05-11 16:09:30.944 +0500
249,15,244,2026-05-11 16:09:30.944 +0500,2026-05-11 16:09:30.944 +0500
250,15,245,2026-05-11 16:09:30.944 +0500,2026-05-11 16:09:30.944 +0500
