"id","location_id","discount_id"
1,14,1
2,17,2
3,14,2
1301,58,660
1316,25,669
1339,15,680
1340,15,681
8,16,2
9,13,2
1353,63,691
11,15,2
12,15,3
13,14,4
14,17,5
15,14,5
1402,15,711
1420,27,721
20,16,5
21,13,5
1461,47,731
23,15,5
1483,56,739
1494,48,751
1512,23,760
1537,55,370
1567,15,779
1568,17,779
1569,53,779
1570,63,779
1571,13,779
1572,16,779
34,14,11
35,17,11
36,15,11
1573,14,779
38,13,11
39,16,11
1600,29,787
1601,30,787
42,17,12
44,14,14
1207,46,624
1212,26,629
1234,28,637
1236,12,640
1244,46,642
1245,11,642
1246,44,642
1247,43,642
1623,27,797
1657,14,807
55,14,17
56,17,17
57,15,17
1668,47,816
59,13,17
60,16,17
1687,23,822
1703,23,831
1248,10,642
1249,12,642
1250,45,642
66,17,21
1704,55,831
1741,17,835
1742,53,835
1743,63,835
1744,13,835
77,17,23
78,17,24
1252,10,644
80,17,26
81,15,27
1745,16,835
1746,14,835
1747,15,835
1752,17,840
1753,53,840
1754,63,840
1755,13,840
1756,16,840
1757,14,840
1758,15,840
1763,47,845
1768,24,850
1825,29,854
1826,54,854
96,14,35
97,17,35
98,15,35
1827,31,854
100,13,35
101,16,35
1828,28,854
1829,30,854
1830,27,854
1854,14,858
106,14,36
107,17,36
108,15,36
1865,24,862
110,13,36
111,16,36
1866,25,862
1867,56,862
1871,24,866
115,29,38
116,29,39
117,23,40
118,23,41
119,29,42
1872,25,866
1873,56,866
1883,23,870
1892,142,874
1893,89,874
1894,196,874
1895,118,874
1896,109,874
129,26,47
130,26,48
131,26,49
132,26,50
1897,140,874
134,29,182
135,28,183
137,28,185
138,28,186
139,28,187
140,29,188
1898,224,874
1899,128,874
1900,123,874
1901,106,874
1902,126,874
1903,214,874
147,14,190
148,31,191
149,30,191
150,27,191
151,29,191
152,28,191
157,28,196
158,23,197
1904,104,874
1905,80,874
161,28,199
162,28,200
1906,107,874
165,31,203
166,27,203
167,30,203
168,29,203
172,28,203
1302,29,661
175,27,213
176,26,214
177,26,215
178,25,216
1317,17,670
1341,46,682
1342,10,682
1343,12,682
1354,63,692
1372,17,702
1403,25,712
1421,12,722
1422,43,722
1423,46,722
1424,52,722
190,28,219
191,28,220
192,15,221
193,27,222
194,17,223
195,29,224
196,28,225
197,30,225
198,27,225
1425,11,722
200,29,225
201,31,225
202,28,226
203,30,226
204,27,226
1426,44,722
206,29,226
207,31,226
208,27,227
210,14,229
211,14,230
212,28,231
213,30,231
214,27,231
1427,45,722
216,29,231
217,31,231
219,17,233
1428,10,722
221,29,235
222,29,236
223,14,237
224,15,237
225,13,237
1462,54,732
1463,29,732
228,16,237
1464,27,732
1465,30,732
1466,28,732
232,17,237
233,14,238
1467,31,732
1484,12,741
1495,16,752
237,28,242
238,17,243
240,23,245
241,15,246
242,26,247
243,29,248
249,15,250
1496,15,752
1497,17,752
252,29,251
253,30,251
254,27,251
255,31,251
256,28,251
1498,14,752
259,26,253
1499,13,752
261,16,254
262,13,254
1513,56,761
264,15,254
265,17,254
266,14,254
1514,24,761
1515,25,761
1538,17,770
1574,24,780
271,28,255
272,31,255
273,27,255
274,30,255
275,29,255
1602,15,788
1624,14,798
278,23,256
279,25,257
280,23,258
281,17,259
282,17,260
283,27,261
284,28,262
1625,15,798
1626,17,798
1627,53,798
288,29,262
289,30,262
290,27,262
291,31,262
292,28,263
293,28,264
294,28,265
295,28,266
296,47,267
297,48,268
298,47,268
299,17,269
301,29,271
302,28,272
303,28,273
307,29,273
308,30,273
309,27,273
310,31,273
311,28,274
315,29,274
316,30,274
317,27,274
318,31,274
319,27,275
321,28,277
325,29,277
326,30,277
327,27,277
328,31,277
329,17,278
330,23,279
332,28,281
333,29,282
334,29,283
335,27,283
336,48,284
337,47,284
338,26,285
339,26,286
340,14,287
341,17,288
342,17,289
343,23,290
344,15,291
1208,23,625
346,25,293
347,24,293
348,29,294
350,15,296
352,28,298
1303,58,662
1304,47,662
1305,48,662
356,29,298
357,30,298
358,27,298
359,31,298
360,28,299
1318,17,671
1344,17,683
1355,54,693
364,29,299
365,30,299
366,27,299
367,31,299
368,29,300
369,28,300
370,29,301
371,28,302
1356,29,693
1357,27,693
1358,30,693
375,29,302
376,30,302
377,27,302
378,31,302
379,28,303
1359,28,693
1360,31,693
1373,27,703
383,29,303
384,30,303
385,27,303
386,31,303
387,24,304
389,29,306
390,28,306
393,28,325
1404,25,713
1429,28,723
1468,29,733
397,29,325
398,30,325
399,27,325
400,31,325
401,23,326
402,28,327
1485,28,742
1500,54,213
1501,29,213
406,29,327
407,30,327
408,27,327
409,31,327
410,29,328
411,29,329
412,17,334
1502,30,213
1503,28,213
1504,31,213
1516,25,762
417,28,337
418,28,338
1539,29,771
1540,27,771
1575,30,781
1576,27,781
1577,29,781
1578,54,781
1579,31,781
1580,28,781
1603,30,789
1604,27,789
438,17,356
439,17,357
440,27,358
441,31,359
442,27,359
443,30,359
444,29,359
1605,29,789
1606,54,789
1607,31,789
448,28,359
449,14,360
450,27,361
1608,28,789
1628,63,798
1629,13,798
1630,16,798
1658,43,808
1669,27,817
1670,54,817
1688,28,823
1705,240,832
463,25,367
464,15,368
465,24,369
466,23,370
467,31,371
468,27,371
469,30,371
470,29,371
1706,68,832
1707,109,832
1708,245,832
474,28,371
475,17,372
476,17,373
477,15,374
478,28,375
479,28,376
480,17,377
481,15,378
1709,210,832
483,14,379
484,17,379
485,15,379
1710,123,832
487,13,379
488,16,379
1711,141,832
1712,107,832
1713,142,832
492,29,380
1714,169,832
494,14,381
495,17,381
496,15,381
1715,151,832
498,13,381
499,16,381
1716,224,832
1717,157,832
1718,172,832
503,14,382
504,28,383
506,31,385
507,27,385
508,30,385
509,29,385
1719,186,832
1306,58,663
1307,47,663
513,28,385
514,17,386
3205,221,890
516,23,388
517,29,389
3206,99,890
1308,48,663
520,14,391
521,17,391
522,15,391
524,13,391
525,16,391
1319,10,672
1345,46,684
1361,12,694
529,24,392
530,31,393
531,27,393
532,30,393
533,29,393
1362,10,694
1374,27,704
1405,12,714
537,28,393
538,28,394
1406,43,714
540,14,395
541,17,395
542,15,395
1407,46,714
544,13,395
545,16,395
1408,52,714
1409,11,714
1410,44,714
549,15,396
550,15,397
1411,45,714
1412,10,714
1430,12,724
1431,43,724
1432,46,724
1433,52,724
1434,11,724
1435,44,724
1436,45,724
1437,10,724
561,31,403
562,27,403
563,30,403
564,29,403
1469,23,734
1486,27,743
1505,17,753
568,28,403
1517,24,763
1541,15,772
571,27,405
572,27,417
573,24,418
574,47,419
575,48,419
576,47,420
577,31,421
578,27,421
579,30,421
580,29,421
1542,17,772
1543,53,772
1544,63,772
584,28,421
1545,13,772
1546,16,772
523,53,391
588,31,424
589,27,424
590,30,424
591,29,424
1547,14,772
1581,23,782
1582,55,782
595,28,424
1609,27,790
1631,47,799
1659,27,809
604,29,426
3207,197,890
3208,230,890
3209,93,890
3210,105,890
1660,54,809
1661,27,810
3211,245,890
3212,72,890
3213,119,890
614,14,428
615,17,428
616,15,428
3214,81,890
618,13,428
619,16,428
3215,89,890
3216,148,890
624,31,430
625,27,430
626,30,430
627,29,430
1689,60,824
1690,50,824
1720,106,832
631,28,430
632,25,431
633,24,432
635,24,434
636,23,435
637,23,436
638,23,437
639,23,438
640,28,439
641,31,440
642,27,440
643,30,440
644,29,440
1721,225,832
1722,170,832
1723,126,832
648,28,440
650,29,442
651,28,443
652,29,443
653,31,443
654,27,443
655,25,444
656,24,445
657,24,446
658,25,447
659,23,448
660,23,449
661,24,450
662,31,451
663,27,451
664,30,451
665,29,451
1724,247,832
1725,215,832
1726,128,832
1727,196,832
1728,70,832
1309,47,664
669,28,451
3217,165,890
671,15,453
1209,24,626
673,17,455
674,17,456
1223,14,633
681,52,463
677,25,459
678,27,460
679,27,462
680,45,463
682,12,463
683,11,463
684,46,463
685,10,463
686,44,463
687,43,463
689,27,464
690,25,465
691,28,466
692,31,466
693,27,466
694,30,466
695,29,466
1346,26,685
1363,53,695
699,24,467
700,43,468
701,45,469
1364,17,695
703,12,469
704,11,469
705,46,469
706,10,469
707,44,469
708,43,469
1365,15,695
710,45,470
1375,27,705
712,12,470
713,11,470
714,46,470
715,10,470
716,44,470
717,43,470
1413,27,715
1438,54,725
720,45,472
1439,29,725
722,12,472
723,11,472
724,46,472
725,10,472
726,44,472
727,43,472
1440,27,725
729,27,473
730,17,474
732,14,476
733,28,477
734,14,478
735,47,479
736,48,479
737,14,480
738,15,481
739,15,482
740,11,483
741,45,484
1441,30,725
743,12,484
744,11,484
745,46,484
746,10,484
747,44,484
748,43,484
1442,28,725
750,45,485
1443,31,725
752,12,485
753,11,485
754,46,485
755,10,485
756,44,485
757,43,485
1470,23,735
1487,12,744
760,30,486
761,29,486
762,28,486
763,29,487
766,14,490
767,14,491
1506,27,754
769,29,375
770,27,375
771,30,375
1518,17,764
773,31,375
1548,43,773
775,29,492
776,17,493
777,29,494
778,28,495
1583,48,745
1610,27,791
1632,47,800
782,29,495
783,30,495
784,27,495
785,31,495
786,28,496
1634,17,802
1662,14,811
1677,28,819
790,29,496
791,30,496
792,27,496
793,31,496
1691,14,825
796,24,499
797,24,500
798,17,501
799,15,502
800,23,503
801,23,504
802,23,505
803,28,506
804,23,507
805,24,508
806,28,509
1729,140,832
1730,214,832
1731,246,832
810,29,509
811,30,509
812,27,509
813,31,509
814,24,510
815,12,511
1732,220,832
817,45,511
1733,163,832
819,43,511
820,44,511
821,10,511
822,46,511
823,11,511
1734,89,832
1735,80,832
1736,104,832
1310,17,665
1322,17,674
1347,17,686
1366,15,696
1376,29,706
851,25,515
852,12,516
1377,27,706
854,45,516
1378,30,706
856,43,516
857,44,516
858,10,516
859,46,516
860,11,516
861,17,517
862,15,476
863,13,476
1379,31,706
1380,28,706
866,16,476
1414,27,716
1444,54,726
1445,29,726
870,17,476
871,14,518
872,14,519
873,28,520
874,27,520
875,29,520
876,27,521
877,17,522
878,17,523
879,43,524
880,43,525
881,26,526
882,17,527
883,17,528
884,17,529
885,27,530
1446,27,726
887,28,530
888,29,530
889,28,531
890,27,531
891,29,531
1447,30,726
893,27,533
894,27,534
895,29,535
1448,28,726
897,31,536
898,27,536
1449,31,726
900,29,536
901,14,537
902,15,538
904,16,540
905,15,540
906,26,541
1471,27,736
1488,47,745
1507,27,755
1519,46,765
1520,43,765
1521,12,765
1522,10,765
1523,45,765
1524,44,765
1525,11,765
917,17,543
918,24,544
919,25,544
1526,52,765
921,13,545
922,16,545
1549,46,774
1550,43,774
1551,12,774
1552,10,774
927,14,545
928,17,545
929,15,545
931,15,547
932,15,548
933,28,549
1553,45,774
1554,44,774
1555,11,774
937,28,550
938,31,550
939,27,550
940,30,550
941,29,550
942,14,551
943,24,552
944,17,553
945,12,554
946,30,555
947,29,555
1556,52,774
1584,47,783
1611,27,792
951,28,555
952,31,555
953,27,555
954,23,556
955,23,557
956,23,558
957,23,559
958,15,560
1633,47,801
960,13,560
961,16,560
1635,63,803
1636,53,803
1637,17,803
1638,15,803
966,14,560
967,17,560
968,27,561
969,17,562
970,23,563
971,29,564
972,12,565
973,10,565
974,44,566
975,43,566
1639,14,803
977,45,566
1640,16,803
979,12,566
980,11,566
981,46,566
982,10,566
983,23,567
984,15,568
1641,13,803
986,13,568
987,16,568
1663,27,812
1692,17,826
1737,199,832
1748,10,836
992,14,568
1759,23,841
1764,24,846
1769,126,851
1770,151,851
1771,199,851
1772,75,851
1773,80,851
1774,215,851
1775,186,851
1776,220,851
993,17,568
994,17,569
995,17,570
996,28,571
997,28,572
998,25,573
1210,49,627
1224,14,634
1225,17,634
1226,15,634
1311,29,666
1228,13,634
1229,16,634
1323,17,675
1324,17,676
1008,11,575
1009,46,575
1010,10,575
1011,44,575
1012,43,575
1348,17,687
1014,45,575
1367,17,697
1016,12,575
1381,54,707
1382,29,707
1383,27,707
1384,30,707
1385,28,707
1386,31,707
1415,28,717
1416,27,717
1450,12,727
1451,43,727
1027,13,577
1028,16,577
1452,46,727
1453,52,727
1454,11,727
1455,44,727
1033,14,577
1034,17,577
1035,15,577
1036,15,578
1037,23,579
1038,23,580
1039,31,581
1040,27,581
1041,30,581
1042,29,581
1456,45,727
1457,10,727
1046,28,581
1047,24,582
1048,25,583
1049,45,584
1050,46,584
1051,11,584
1052,44,584
1053,43,584
1054,10,584
1055,12,584
1056,28,585
1057,24,586
1058,46,587
1059,43,588
1060,15,589
1061,14,589
1063,13,589
1065,16,589
1069,17,589
1489,14,746
1072,15,592
1490,14,747
1508,27,756
1075,16,593
1076,13,593
1078,15,593
1079,17,593
1080,14,593
1083,28,594
1084,15,595
1085,29,596
1086,25,597
1087,24,597
1088,24,598
1089,24,599
1090,49,600
1557,17,775
1101,10,604
1102,43,604
1586,17,784
1105,16,605
1106,13,605
1108,15,605
1109,17,605
1110,14,605
1115,16,606
1116,13,606
1612,46,793
1118,15,606
1119,17,606
1120,14,606
1613,43,793
1614,12,793
1123,28,607
1124,29,608
1125,25,609
1126,24,609
1127,24,610
1128,31,611
1129,27,611
1130,30,611
1131,29,611
1615,10,793
1616,45,793
1617,44,793
1135,28,611
1136,31,612
1137,27,612
1138,30,612
1139,29,612
1618,11,793
1619,52,793
1143,28,612
1144,11,613
1145,46,613
1146,10,613
1147,44,613
1148,43,613
1150,45,613
1152,12,613
1153,11,614
1154,46,614
1155,10,614
1156,44,614
1157,43,614
1159,45,614
1312,25,582
1161,12,614
1162,11,615
1163,46,615
1164,10,615
1165,44,615
1166,43,615
1168,45,615
1325,17,677
1170,12,615
1171,14,616
1172,17,616
1173,15,616
1175,13,616
1176,16,616
1326,15,677
1327,14,677
1328,16,677
1329,13,677
1181,29,617
1182,17,618
1183,17,619
1184,46,620
1185,11,620
1186,44,620
1187,43,620
1188,10,620
1189,12,620
1190,45,620
1191,46,621
1192,11,621
1193,44,621
1194,43,621
1195,10,621
1196,12,621
1197,45,621
1198,31,622
1199,27,622
1200,30,622
1201,29,622
1330,63,677
1331,53,677
1349,17,688
1205,28,622
1211,26,628
1368,27,698
1387,27,708
1235,43,639
1237,46,641
1238,11,641
1239,44,641
1240,43,641
1241,10,641
1242,12,641
1243,45,641
1251,28,643
1253,12,644
1254,45,644
1255,46,644
1256,11,644
1257,43,644
1258,44,644
1259,14,645
1260,14,646
1261,17,646
1262,15,646
1417,27,718
1264,13,646
1265,16,646
1458,27,728
1479,63,738
1491,16,748
1509,14,757
1270,31,647
1271,27,647
1272,30,647
1273,29,647
1534,29,767
1558,10,776
1592,30,785
1277,28,647
1278,17,648
1279,12,649
1280,12,650
1281,27,651
1593,27,785
1283,16,652
1284,13,652
1594,29,785
1286,15,652
1287,17,652
1288,14,652
1595,54,785
1596,31,785
1597,28,785
1620,28,794
1294,28,654
1295,26,655
1642,44,804
1297,16,657
1298,17,657
1299,50,658
1300,25,659
1664,59,813
702,52,469
1665,49,813
711,52,470
1693,63,827
721,52,472
1738,15,833
742,52,484
1749,10,837
751,52,485
1760,44,842
816,52,511
1765,47,847
1777,224,851
1778,214,851
1779,109,851
853,52,516
1780,118,851
976,52,566
1781,104,851
1013,52,575
1782,128,851
1149,52,613
1783,179,851
1158,52,614
1784,123,851
1167,52,615
1785,142,851
6,53,2
1786,196,851
18,53,5
37,53,11
58,53,17
1855,27,859
99,53,35
1868,24,863
1874,29,867
109,53,36
1174,53,616
1884,23,871
1907,215,874
1908,220,874
1909,75,874
1910,122,874
1913,17,877
1916,29,880
1917,54,880
1918,31,880
1919,28,880
1920,30,880
1921,27,880
1314,23,667
226,53,237
1332,15,678
260,53,254
1351,23,689
1369,17,699
1388,54,709
1389,29,709
486,53,379
1390,27,709
1391,30,709
497,53,381
1392,28,709
1393,31,709
1418,27,719
1459,17,729
543,53,395
1480,24,739
1492,28,749
617,53,428
1510,23,758
1535,23,768
864,53,476
1559,15,777
1560,17,777
920,53,545
1561,53,777
1562,63,777
959,53,560
1563,13,777
1564,16,777
985,53,568
1565,14,777
1598,31,717
1227,53,634
1621,27,795
1643,44,805
1026,53,577
1644,45,805
1645,10,805
1062,53,589
1646,12,805
1647,43,805
1073,53,593
1648,46,805
1649,52,805
1650,11,805
1666,29,814
1103,53,605
1678,17,820
1679,15,820
1113,53,606
1680,14,820
1681,16,820
1682,13,820
1683,63,820
1263,53,646
1684,53,820
1694,63,828
1282,53,652
1695,17,829
1739,17,833
169,54,203
1750,44,838
1761,29,843
199,54,225
205,54,226
215,54,231
250,54,251
1766,17,848
1787,224,852
270,54,255
1788,104,852
1789,109,852
285,54,262
1790,107,852
1791,151,852
304,54,273
1792,142,852
1793,122,852
312,54,274
1794,186,852
1795,206,852
322,54,277
1796,225,852
1797,210,852
353,54,298
1798,220,852
1799,89,852
361,54,299
1800,118,852
1801,123,852
372,54,302
1802,215,852
1803,74,852
380,54,303
1804,179,852
1805,214,852
394,54,325
1806,126,852
1838,12,856
403,54,327
1839,10,856
1840,45,856
1841,44,856
1842,11,856
445,54,359
1843,52,856
1844,46,856
471,54,371
1845,43,856
1856,12,860
510,54,385
1857,10,860
1858,45,860
534,54,393
1859,44,860
1860,11,860
565,54,403
1861,52,860
1862,46,860
581,54,421
1863,43,860
1869,25,864
592,54,424
1875,23,868
1876,55,868
1885,44,872
1911,29,875
1914,29,878
1922,47,881
628,54,430
1924,221,883
1925,99,883
645,54,440
1926,197,883
1927,230,883
666,54,451
1928,93,883
1929,105,883
696,54,466
1930,245,883
1931,72,883
759,54,486
768,54,375
1932,119,883
1933,81,883
779,54,495
1934,89,883
1935,148,883
1936,165,883
1937,104,883
1938,151,883
787,54,496
1315,12,668
807,54,509
886,54,530
896,54,536
934,54,550
948,54,555
1370,15,700
1043,54,581
1394,12,710
1395,43,710
1132,54,611
1396,46,710
1397,52,710
1140,54,612
1398,11,710
1399,44,710
1202,54,622
1400,45,710
1401,10,710
1274,54,647
1419,10,720
1460,47,730
4,63,2
1481,59,740
16,63,5
1482,49,740
24,63,6
25,63,7
1493,17,750
28,63,9
1511,23,759
30,63,10
1536,23,769
32,63,11
1566,17,778
53,63,17
1599,17,786
1622,24,796
82,63,28
1651,31,806
1652,54,806
87,63,31
1653,29,806
1654,27,806
92,63,34
1655,30,806
94,63,35
1656,28,806
104,63,36
1667,47,815
159,63,198
1685,31,821
173,63,204
1686,27,821
227,63,237
1696,17,830
267,63,254
1697,53,830
413,63,335
1698,63,830
1699,13,830
1700,16,830
482,63,379
1701,14,830
493,63,381
1702,15,830
519,63,391
1740,17,834
539,63,395
1751,24,839
551,63,398
1762,29,844
553,63,399
1767,24,849
555,63,400
1807,126,853
557,63,401
1808,151,853
559,63,402
1809,157,853
569,63,404
1810,80,853
585,63,422
1811,74,853
613,63,428
1812,215,853
865,63,476
1813,186,853
925,63,545
1814,220,853
964,63,560
1815,224,853
990,63,568
1816,206,853
1031,63,577
1817,214,853
1064,63,589
1818,109,853
1819,107,853
1081,63,593
1820,118,853
1821,179,853
1111,63,605
1822,123,853
1121,63,606
1823,142,853
1179,63,616
1824,122,853
1232,63,634
1846,12,857
1268,63,646
1847,10,857
1289,63,652
1848,45,857
1849,44,857
1850,11,857
1851,52,857
1852,46,857
1853,43,857
1864,24,861
1870,10,865
1877,29,869
1878,54,869
1879,31,869
1880,28,869
1881,30,869
1882,27,869
1886,29,873
1887,54,873
1888,31,873
1889,28,873
1890,30,873
1891,27,873
1915,29,879
1923,17,882
1939,110,883
1940,247,883
1941,193,883
1942,84,883
1943,169,883
1944,113,883
1945,185,883
1946,202,883
1947,173,883
1948,161,883
1949,241,883
1950,98,883
1951,210,883
1952,171,883
1953,73,883
1954,208,883
1955,168,883
1956,69,883
1957,249,883
1958,156,883
1959,248,883
1960,80,883
1961,219,883
1962,183,883
1963,97,883
1964,167,883
1965,135,883
1966,120,883
1967,160,883
1968,180,883
1969,117,883
1970,243,883
1971,229,883
1972,231,883
1973,145,883
1974,74,883
1975,189,883
1976,166,883
1977,108,883
1978,112,883
1979,224,883
1980,187,883
1981,137,883
1982,191,883
1983,235,883
1984,215,883
1985,75,883
1986,170,883
1987,158,883
1988,141,883
1989,190,883
1990,159,883
1991,88,883
1992,204,883
1993,96,883
1994,186,883
1995,244,883
1996,198,883
1997,194,883
1998,182,883
1999,136,883
2000,144,883
2001,213,883
2002,201,883
2003,153,883
2004,164,883
2005,155,883
2006,87,883
2007,174,883
2008,95,883
2009,234,883
2010,222,883
2011,154,883
2012,94,883
2013,250,883
2014,92,883
2015,226,883
2016,107,883
2017,139,883
2018,118,883
2019,147,883
2020,138,883
2021,163,883
2022,232,883
2023,129,883
2024,115,883
2025,192,883
2026,236,883
2027,114,883
2028,78,883
2029,90,883
2030,116,883
2031,207,883
2032,121,883
2033,71,883
2034,227,883
2035,109,883
2036,206,883
2037,123,883
2038,242,883
2039,142,883
2040,238,883
2041,172,883
2042,111,883
2043,205,883
2044,220,883
2045,162,883
2046,149,883
2047,240,883
2048,68,883
2049,246,883
2050,223,883
2051,86,883
2052,91,883
2053,82,883
2054,218,883
2055,184,883
2056,196,883
2057,216,883
2058,131,883
2059,177,883
2060,157,883
2061,176,883
2062,178,883
2063,67,883
2064,181,883
2065,209,883
2066,133,883
2067,102,883
2068,76,883
2069,228,883
2070,239,883
2071,188,883
2072,126,883
2073,150,883
2074,214,883
2075,83,883
2076,134,883
2077,212,883
2078,199,883
2079,195,883
2080,106,883
2081,100,883
2082,143,883
2083,237,883
2084,146,883
2085,127,883
2086,132,883
2087,70,883
2088,225,883
2089,203,883
2090,233,883
2091,124,883
2092,77,883
2093,179,883
2094,79,883
2095,130,883
2096,103,883
2097,122,883
2098,85,883
2099,101,883
2100,140,883
2101,125,883
2102,217,883
2103,211,883
2104,128,883
2105,152,883
2106,175,883
2107,221,884
2108,99,884
2109,197,884
2110,230,884
2111,93,884
2112,105,884
2113,245,884
2114,72,884
2115,119,884
2116,81,884
2117,89,884
2118,148,884
2119,165,884
2120,104,884
2121,151,884
2122,110,884
2123,247,884
2124,193,884
2125,84,884
2126,169,884
2127,113,884
2128,185,884
2129,202,884
2130,173,884
2131,161,884
2132,241,884
2133,98,884
2134,210,884
2135,171,884
2136,73,884
2137,208,884
2138,168,884
2139,69,884
2140,249,884
2141,156,884
2142,248,884
2143,80,884
2144,219,884
2145,183,884
2146,97,884
2147,167,884
2148,135,884
2149,120,884
2150,160,884
2151,180,884
2152,117,884
2153,243,884
2154,229,884
2155,231,884
2156,145,884
2157,74,884
2158,189,884
2159,166,884
2160,108,884
2161,112,884
2162,224,884
2163,187,884
2164,137,884
2165,191,884
2166,235,884
2167,215,884
2168,75,884
2169,170,884
2170,158,884
2171,141,884
2172,190,884
2173,159,884
2174,88,884
2175,204,884
2176,96,884
2177,186,884
2178,244,884
2179,198,884
2180,194,884
2181,182,884
2182,136,884
2183,144,884
2184,213,884
2185,201,884
2186,153,884
2187,164,884
2188,155,884
2189,87,884
2190,174,884
2191,95,884
2192,234,884
2193,222,884
2194,154,884
2195,94,884
2196,250,884
2197,92,884
2198,226,884
2199,107,884
2200,139,884
2201,118,884
2202,147,884
2203,138,884
2204,163,884
2205,232,884
2206,129,884
2207,115,884
2208,192,884
2209,236,884
2210,114,884
2211,78,884
2212,90,884
2213,116,884
2214,207,884
2215,121,884
2216,71,884
2217,227,884
2218,109,884
2219,206,884
2220,123,884
2221,242,884
2222,142,884
2223,238,884
2224,172,884
2225,111,884
2226,205,884
2227,220,884
2228,162,884
2229,149,884
2230,240,884
2231,68,884
2232,246,884
2233,223,884
2234,86,884
2235,91,884
2236,82,884
2237,218,884
2238,184,884
2239,196,884
2240,216,884
2241,131,884
2242,177,884
2243,157,884
2244,176,884
2245,178,884
2246,67,884
2247,181,884
2248,209,884
2249,133,884
2250,102,884
2251,76,884
2252,228,884
2253,239,884
2254,188,884
2255,126,884
2256,150,884
2257,214,884
2258,83,884
2259,134,884
2260,212,884
2261,199,884
2262,195,884
2263,106,884
2264,100,884
2265,143,884
2266,237,884
2267,146,884
2268,127,884
2269,132,884
2270,70,884
2271,225,884
2272,203,884
2273,233,884
2274,124,884
2275,77,884
2276,179,884
2277,79,884
2278,130,884
2279,103,884
2280,122,884
2281,85,884
2282,101,884
2283,140,884
2284,125,884
2285,217,884
2286,211,884
2287,128,884
2288,152,884
2289,175,884
2290,221,885
2291,99,885
2292,197,885
2293,230,885
2294,93,885
2295,105,885
2296,245,885
2297,72,885
2298,119,885
2299,81,885
2300,89,885
2301,148,885
2302,165,885
2303,104,885
2304,151,885
2305,110,885
2306,247,885
2307,193,885
2308,84,885
2309,169,885
2310,113,885
2311,185,885
2312,202,885
2313,173,885
2314,161,885
2315,241,885
2316,98,885
2317,210,885
2318,171,885
2319,73,885
2320,208,885
2321,168,885
2322,69,885
2323,249,885
2324,156,885
2325,248,885
2326,80,885
2327,219,885
2328,183,885
2329,97,885
2330,167,885
2331,135,885
2332,120,885
2333,160,885
2334,180,885
2335,117,885
2336,243,885
2337,229,885
2338,231,885
2339,145,885
2340,74,885
2341,189,885
2342,166,885
2343,108,885
2344,112,885
2345,224,885
2346,187,885
2347,137,885
2348,191,885
2349,235,885
2350,215,885
2351,75,885
2352,170,885
2353,158,885
2354,141,885
2355,190,885
2356,159,885
2357,88,885
2358,204,885
2359,96,885
2360,186,885
2361,244,885
2362,198,885
2363,194,885
2364,182,885
2365,136,885
2366,144,885
2367,213,885
2368,201,885
2369,153,885
2370,164,885
2371,155,885
2372,87,885
2373,174,885
2374,95,885
2375,234,885
2376,222,885
2377,154,885
2378,94,885
2379,250,885
2380,92,885
2381,226,885
2382,107,885
2383,139,885
2384,118,885
2385,147,885
2386,138,885
2387,163,885
2388,232,885
2389,129,885
2390,115,885
2391,192,885
2392,236,885
2393,114,885
2394,78,885
2395,90,885
2396,116,885
2397,207,885
2398,121,885
2399,71,885
2400,227,885
2401,109,885
2402,206,885
2403,123,885
2404,242,885
2405,142,885
2406,238,885
2407,172,885
2408,111,885
2409,205,885
2410,220,885
2411,162,885
2412,149,885
2413,240,885
2414,68,885
2415,246,885
2416,223,885
2417,86,885
2418,91,885
2419,82,885
2420,218,885
2421,184,885
2422,196,885
2423,216,885
2424,131,885
2425,177,885
2426,157,885
2427,176,885
2428,178,885
2429,67,885
2430,181,885
2431,209,885
2432,133,885
2433,102,885
2434,76,885
2435,228,885
2436,239,885
2437,188,885
2438,126,885
2439,150,885
2440,214,885
2441,83,885
2442,134,885
2443,212,885
2444,199,885
2445,195,885
2446,106,885
2447,100,885
2448,143,885
2449,237,885
2450,146,885
2451,127,885
2452,132,885
2453,70,885
2454,225,885
2455,203,885
2456,233,885
2457,124,885
2458,77,885
2459,179,885
2460,79,885
2461,130,885
2462,103,885
2463,122,885
2464,85,885
2465,101,885
2466,140,885
2467,125,885
2468,217,885
2469,211,885
2470,128,885
2471,152,885
2472,175,885
2473,221,886
2474,99,886
2475,197,886
2476,230,886
2477,93,886
2478,105,886
2479,245,886
2480,72,886
2481,119,886
2482,81,886
2483,89,886
2484,148,886
2485,165,886
2486,104,886
2487,151,886
2488,110,886
2489,247,886
2490,193,886
2491,84,886
2492,169,886
2493,113,886
2494,185,886
2495,202,886
2496,173,886
2497,161,886
2498,241,886
2499,98,886
2500,210,886
2501,171,886
2502,73,886
2503,208,886
2504,168,886
2505,69,886
2506,249,886
2507,156,886
2508,248,886
2509,80,886
2510,219,886
2511,183,886
2512,97,886
2513,167,886
2514,135,886
2515,120,886
2516,160,886
2517,180,886
2518,117,886
2519,243,886
2520,229,886
2521,231,886
2522,145,886
2523,74,886
2524,189,886
2525,166,886
2526,108,886
2527,112,886
2528,224,886
2529,187,886
2530,137,886
2531,191,886
2532,235,886
2533,215,886
2534,75,886
2535,170,886
2536,158,886
2537,141,886
2538,190,886
2539,159,886
2540,88,886
2541,204,886
2542,96,886
2543,186,886
2544,244,886
2545,198,886
2546,194,886
2547,182,886
2548,136,886
2549,144,886
2550,213,886
2551,201,886
2552,153,886
2553,164,886
2554,155,886
2555,87,886
2556,174,886
2557,95,886
2558,234,886
2559,222,886
2560,154,886
2561,94,886
2562,250,886
2563,92,886
2564,226,886
2565,107,886
2566,139,886
2567,118,886
2568,147,886
2569,138,886
2570,163,886
2571,232,886
2572,129,886
2573,115,886
2574,192,886
2575,236,886
2576,114,886
2577,78,886
2578,90,886
2579,116,886
2580,207,886
2581,121,886
2582,71,886
2583,227,886
2584,109,886
2585,206,886
2586,123,886
2587,242,886
2588,142,886
2589,238,886
2590,172,886
2591,111,886
2592,205,886
2593,220,886
2594,162,886
2595,149,886
2596,240,886
2597,68,886
2598,246,886
2599,223,886
2600,86,886
2601,91,886
2602,82,886
2603,218,886
2604,184,886
2605,196,886
2606,216,886
2607,131,886
2608,177,886
2609,157,886
2610,176,886
2611,178,886
2612,67,886
2613,181,886
2614,209,886
2615,133,886
2616,102,886
2617,76,886
2618,228,886
2619,239,886
2620,188,886
2621,126,886
2622,150,886
2623,214,886
2624,83,886
2625,134,886
2626,212,886
2627,199,886
2628,195,886
2629,106,886
2630,100,886
2631,143,886
2632,237,886
2633,146,886
2634,127,886
2635,132,886
2636,70,886
2637,225,886
2638,203,886
2639,233,886
2640,124,886
2641,77,886
2642,179,886
2643,79,886
2644,130,886
2645,103,886
2646,122,886
2647,85,886
2648,101,886
2649,140,886
2650,125,886
2651,217,886
2652,211,886
2653,128,886
2654,152,886
2655,175,886
2656,221,887
2657,99,887
2658,197,887
2659,230,887
2660,93,887
2661,105,887
2662,245,887
2663,72,887
2664,119,887
2665,81,887
2666,89,887
2667,148,887
2668,165,887
2669,104,887
2670,151,887
2671,110,887
2672,247,887
2673,193,887
2674,84,887
2675,169,887
2676,113,887
2677,185,887
2678,202,887
2679,173,887
2680,161,887
2681,241,887
2682,98,887
2683,210,887
2684,171,887
2685,73,887
2686,208,887
2687,168,887
2688,69,887
2689,249,887
2690,156,887
2691,248,887
2692,80,887
2693,219,887
2694,183,887
2695,97,887
2696,167,887
2697,135,887
2698,120,887
2699,160,887
2700,180,887
2701,117,887
2702,243,887
2703,229,887
2704,231,887
2705,145,887
2706,74,887
2707,189,887
2708,166,887
2709,108,887
2710,112,887
2711,224,887
2712,187,887
2713,137,887
2714,191,887
2715,235,887
2716,215,887
2717,75,887
2718,170,887
2719,158,887
2720,141,887
2721,190,887
2722,159,887
2723,88,887
2724,204,887
2725,96,887
2726,186,887
2727,244,887
2728,198,887
2729,194,887
2730,182,887
2731,136,887
2732,144,887
2733,213,887
2734,201,887
2735,153,887
2736,164,887
2737,155,887
2738,87,887
2739,174,887
2740,95,887
2741,234,887
2742,222,887
2743,154,887
2744,94,887
2745,250,887
2746,92,887
2747,226,887
2748,107,887
2749,139,887
2750,118,887
2751,147,887
2752,138,887
2753,163,887
2754,232,887
2755,129,887
2756,115,887
2757,192,887
2758,236,887
2759,114,887
2760,78,887
2761,90,887
2762,116,887
2763,207,887
2764,121,887
2765,71,887
2766,227,887
2767,109,887
2768,206,887
2769,123,887
2770,242,887
2771,142,887
2772,238,887
2773,172,887
2774,111,887
2775,205,887
2776,220,887
2777,162,887
2778,149,887
2779,240,887
2780,68,887
2781,246,887
2782,223,887
2783,86,887
2784,91,887
2785,82,887
2786,218,887
2787,184,887
2788,196,887
2789,216,887
2790,131,887
2791,177,887
2792,157,887
2793,176,887
2794,178,887
2795,67,887
2796,181,887
2797,209,887
2798,133,887
2799,102,887
2800,76,887
2801,228,887
2802,239,887
2803,188,887
2804,126,887
2805,150,887
2806,214,887
2807,83,887
2808,134,887
2809,212,887
2810,199,887
2811,195,887
2812,106,887
2813,100,887
2814,143,887
2815,237,887
2816,146,887
2817,127,887
2818,132,887
2819,70,887
2820,225,887
2821,203,887
2822,233,887
2823,124,887
2824,77,887
2825,179,887
2826,79,887
2827,130,887
2828,103,887
2829,122,887
2830,85,887
2831,101,887
2832,140,887
2833,125,887
2834,217,887
2835,211,887
2836,128,887
2837,152,887
2838,175,887
2839,221,888
2840,99,888
2841,197,888
2842,230,888
2843,93,888
2844,105,888
2845,245,888
2846,72,888
2847,119,888
2848,81,888
2849,89,888
2850,148,888
2851,165,888
2852,104,888
2853,151,888
2854,110,888
2855,247,888
2856,193,888
2857,84,888
2858,169,888
2859,113,888
2860,185,888
2861,202,888
2862,173,888
2863,161,888
2864,241,888
2865,98,888
2866,210,888
2867,171,888
2868,73,888
2869,208,888
2870,168,888
2871,69,888
2872,249,888
2873,156,888
2874,248,888
2875,80,888
2876,219,888
2877,183,888
2878,97,888
2879,167,888
2880,135,888
2881,120,888
2882,160,888
2883,180,888
2884,117,888
2885,243,888
2886,229,888
2887,231,888
2888,145,888
2889,74,888
2890,189,888
2891,166,888
2892,108,888
2893,112,888
2894,224,888
2895,187,888
2896,137,888
2897,191,888
2898,235,888
2899,215,888
2900,75,888
2901,170,888
2902,158,888
2903,141,888
2904,190,888
2905,159,888
2906,88,888
2907,204,888
2908,96,888
2909,186,888
2910,244,888
2911,198,888
2912,194,888
2913,182,888
2914,136,888
2915,144,888
2916,213,888
2917,201,888
2918,153,888
2919,164,888
2920,155,888
2921,87,888
2922,174,888
2923,95,888
2924,234,888
2925,222,888
2926,154,888
2927,94,888
2928,250,888
2929,92,888
2930,226,888
2931,107,888
2932,139,888
2933,118,888
2934,147,888
2935,138,888
2936,163,888
2937,232,888
2938,129,888
2939,115,888
2940,192,888
2941,236,888
2942,114,888
2943,78,888
2944,90,888
2945,116,888
2946,207,888
2947,121,888
2948,71,888
2949,227,888
2950,109,888
2951,206,888
2952,123,888
2953,242,888
2954,142,888
2955,238,888
2956,172,888
2957,111,888
2958,205,888
2959,220,888
2960,162,888
2961,149,888
2962,240,888
2963,68,888
2964,246,888
2965,223,888
2966,86,888
2967,91,888
2968,82,888
2969,218,888
2970,184,888
2971,196,888
2972,216,888
2973,131,888
2974,177,888
2975,157,888
2976,176,888
2977,178,888
2978,67,888
2979,181,888
2980,209,888
2981,133,888
2982,102,888
2983,76,888
2984,228,888
2985,239,888
2986,188,888
2987,126,888
2988,150,888
2989,214,888
2990,83,888
2991,134,888
2992,212,888
2993,199,888
2994,195,888
2995,106,888
2996,100,888
2997,143,888
2998,237,888
2999,146,888
3000,127,888
3001,132,888
3002,70,888
3003,225,888
3004,203,888
3005,233,888
3006,124,888
3007,77,888
3008,179,888
3009,79,888
3010,130,888
3011,103,888
3012,122,888
3013,85,888
3014,101,888
3015,140,888
3016,125,888
3017,217,888
3018,211,888
3019,128,888
3020,152,888
3021,175,888
3022,221,889
3023,99,889
3024,197,889
3025,230,889
3026,93,889
3027,105,889
3028,245,889
3029,72,889
3030,119,889
3031,81,889
3032,89,889
3033,148,889
3034,165,889
3035,104,889
3036,151,889
3037,110,889
3038,247,889
3039,193,889
3040,84,889
3041,169,889
3042,113,889
3043,185,889
3044,202,889
3045,173,889
3046,161,889
3047,241,889
3048,98,889
3049,210,889
3050,171,889
3051,73,889
3052,208,889
3053,168,889
3054,69,889
3055,249,889
3056,156,889
3057,248,889
3058,80,889
3059,219,889
3060,183,889
3061,97,889
3062,167,889
3063,135,889
3064,120,889
3065,160,889
3066,180,889
3067,117,889
3068,243,889
3069,229,889
3070,231,889
3071,145,889
3072,74,889
3073,189,889
3074,166,889
3075,108,889
3076,112,889
3077,224,889
3078,187,889
3079,137,889
3080,191,889
3081,235,889
3082,215,889
3083,75,889
3084,170,889
3085,158,889
3086,141,889
3087,190,889
3088,159,889
3089,88,889
3090,204,889
3091,96,889
3092,186,889
3093,244,889
3094,198,889
3095,194,889
3096,182,889
3097,136,889
3098,144,889
3099,213,889
3100,201,889
3101,153,889
3102,164,889
3103,155,889
3104,87,889
3105,174,889
3106,95,889
3107,234,889
3108,222,889
3109,154,889
3110,94,889
3111,250,889
3112,92,889
3113,226,889
3114,107,889
3115,139,889
3116,118,889
3117,147,889
3118,138,889
3119,163,889
3120,232,889
3121,129,889
3122,115,889
3123,192,889
3124,236,889
3125,114,889
3126,78,889
3127,90,889
3128,116,889
3129,207,889
3130,121,889
3131,71,889
3132,227,889
3133,109,889
3134,206,889
3135,123,889
3136,242,889
3137,142,889
3138,238,889
3139,172,889
3140,111,889
3141,205,889
3142,220,889
3143,162,889
3144,149,889
3145,240,889
3146,68,889
3147,246,889
3148,223,889
3149,86,889
3150,91,889
3151,82,889
3152,218,889
3153,184,889
3154,196,889
3155,216,889
3156,131,889
3157,177,889
3158,157,889
3159,176,889
3160,178,889
3161,67,889
3162,181,889
3163,209,889
3164,133,889
3165,102,889
3166,76,889
3167,228,889
3168,239,889
3169,188,889
3170,126,889
3171,150,889
3172,214,889
3173,83,889
3174,134,889
3175,212,889
3176,199,889
3177,195,889
3178,106,889
3179,100,889
3180,143,889
3181,237,889
3182,146,889
3183,127,889
3184,132,889
3185,70,889
3186,225,889
3187,203,889
3188,233,889
3189,124,889
3190,77,889
3191,179,889
3192,79,889
3193,130,889
3194,103,889
3195,122,889
3196,85,889
3197,101,889
3198,140,889
3199,125,889
3200,217,889
3201,211,889
3202,128,889
3203,152,889
3204,175,889
3218,104,890
3219,151,890
3220,110,890
3221,247,890
3222,193,890
3223,84,890
3224,169,890
3225,113,890
3226,185,890
3227,202,890
3228,173,890
3229,161,890
3230,241,890
3231,98,890
3232,210,890
3233,171,890
3234,73,890
3235,208,890
3236,168,890
3237,69,890
3238,249,890
3239,156,890
3240,248,890
3241,80,890
3242,219,890
3243,183,890
3244,97,890
3245,167,890
3246,135,890
3247,120,890
3248,160,890
3249,180,890
3250,117,890
3251,243,890
3252,229,890
3253,231,890
3254,145,890
3255,74,890
3256,189,890
3257,166,890
3258,108,890
3259,112,890
3260,224,890
3261,187,890
3262,137,890
3263,191,890
3264,235,890
3265,215,890
3266,75,890
3267,170,890
3268,158,890
3269,141,890
3270,190,890
3271,159,890
3272,88,890
3273,204,890
3274,96,890
3275,186,890
3276,244,890
3277,198,890
3278,194,890
3279,182,890
3280,136,890
3281,144,890
3282,213,890
3283,201,890
3284,153,890
3285,164,890
3286,155,890
3287,87,890
3288,174,890
3289,95,890
3290,234,890
3291,222,890
3292,154,890
3293,94,890
3294,250,890
3295,92,890
3296,226,890
3297,107,890
3298,139,890
3299,118,890
3300,147,890
3301,138,890
3302,163,890
3303,232,890
3304,129,890
3305,115,890
3306,192,890
3307,236,890
3308,114,890
3309,78,890
3310,90,890
3311,116,890
3312,207,890
3313,121,890
3314,71,890
3315,227,890
3316,109,890
3317,206,890
3318,123,890
3319,242,890
3320,142,890
3321,238,890
3322,172,890
3323,111,890
3324,205,890
3325,220,890
3326,162,890
3327,149,890
3328,240,890
3329,68,890
3330,246,890
3331,223,890
3332,86,890
3333,91,890
3334,82,890
3335,218,890
3336,184,890
3337,196,890
3338,216,890
3339,131,890
3340,177,890
3341,157,890
3342,176,890
3343,178,890
3344,67,890
3345,181,890
3346,209,890
3347,133,890
3348,102,890
3349,76,890
3350,228,890
3351,239,890
3352,188,890
3353,126,890
3354,150,890
3355,214,890
3356,83,890
3357,134,890
3358,212,890
3359,199,890
3360,195,890
3361,106,890
3362,100,890
3363,143,890
3364,237,890
3365,146,890
3366,127,890
3367,132,890
3368,70,890
3369,225,890
3370,203,890
3371,233,890
3372,124,890
3373,77,890
3374,179,890
3375,79,890
3376,130,890
3377,103,890
3378,122,890
3379,85,890
3380,101,890
3381,140,890
3382,125,890
3383,217,890
3384,211,890
3385,128,890
3386,152,890
3387,175,890
3388,221,891
3389,99,891
3390,197,891
3391,230,891
3392,93,891
3393,105,891
3394,245,891
3395,72,891
3396,119,891
3397,81,891
3398,89,891
3399,148,891
3400,165,891
3401,104,891
3402,151,891
3403,110,891
3404,247,891
3405,193,891
3406,84,891
3407,169,891
3408,113,891
3409,185,891
3410,202,891
3411,173,891
3412,161,891
3413,241,891
3414,98,891
3415,210,891
3416,171,891
3417,73,891
3418,208,891
3419,168,891
3420,69,891
3421,249,891
3422,156,891
3423,248,891
3424,80,891
3425,219,891
3426,183,891
3427,97,891
3428,167,891
3429,135,891
3430,120,891
3431,160,891
3432,180,891
3433,117,891
3434,243,891
3435,229,891
3436,231,891
3437,145,891
3438,74,891
3439,189,891
3440,166,891
3441,108,891
3442,112,891
3443,224,891
3444,187,891
3445,137,891
3446,191,891
3447,235,891
3448,215,891
3449,75,891
3450,170,891
3451,158,891
3452,141,891
3453,190,891
3454,159,891
3455,88,891
3456,204,891
3457,96,891
3458,186,891
3459,244,891
3460,198,891
3461,194,891
3462,182,891
3463,136,891
3464,144,891
3465,213,891
3466,201,891
3467,153,891
3468,164,891
3469,155,891
3470,87,891
3471,174,891
3472,95,891
3473,234,891
3474,222,891
3475,154,891
3476,94,891
3477,250,891
3478,92,891
3479,226,891
3480,107,891
3481,139,891
3482,118,891
3483,147,891
3484,138,891
3485,163,891
3486,232,891
3487,129,891
3488,115,891
3489,192,891
3490,236,891
3491,114,891
3492,78,891
3493,90,891
3494,116,891
3495,207,891
3496,121,891
3497,71,891
3498,227,891
3499,109,891
3500,206,891
3501,123,891
3502,242,891
3503,142,891
3504,238,891
3505,172,891
3506,111,891
3507,205,891
3508,220,891
3509,162,891
3510,149,891
3511,240,891
3512,68,891
3513,246,891
3514,223,891
3515,86,891
3516,91,891
3517,82,891
3518,218,891
3519,184,891
3520,196,891
3521,216,891
3522,131,891
3523,177,891
3524,157,891
3525,176,891
3526,178,891
3527,67,891
3528,181,891
3529,209,891
3530,133,891
3531,102,891
3532,76,891
3533,228,891
3534,239,891
3535,188,891
3536,126,891
3537,150,891
3538,214,891
3539,83,891
3540,134,891
3541,212,891
3542,199,891
3543,195,891
3544,106,891
3545,100,891
3546,143,891
3547,237,891
3548,146,891
3549,127,891
3550,132,891
3551,70,891
3552,225,891
3553,203,891
3554,233,891
3555,124,891
3556,77,891
3557,179,891
3558,79,891
3559,130,891
3560,103,891
3561,122,891
3562,85,891
3563,101,891
3564,140,891
3565,125,891
3566,217,891
3567,211,891
3568,128,891
3569,152,891
3570,175,891
3571,221,892
3572,99,892
3573,197,892
3574,230,892
3575,93,892
3576,105,892
3577,245,892
3578,72,892
3579,119,892
3580,81,892
3581,89,892
3582,148,892
3583,165,892
3584,104,892
3585,151,892
3586,110,892
3587,247,892
3588,193,892
3589,84,892
3590,169,892
3591,113,892
3592,185,892
3593,202,892
3594,173,892
3595,161,892
3596,241,892
3597,98,892
3598,210,892
3599,171,892
3600,73,892
3601,208,892
3602,168,892
3603,69,892
3604,249,892
3605,156,892
3606,248,892
3607,80,892
3608,219,892
3609,183,892
3610,97,892
3611,167,892
3612,135,892
3613,120,892
3614,160,892
3615,180,892
3616,117,892
3617,243,892
3618,229,892
3619,231,892
3620,145,892
3621,74,892
3622,189,892
3623,166,892
3624,108,892
3625,112,892
3626,224,892
3627,187,892
3628,137,892
3629,191,892
3630,235,892
3631,215,892
3632,75,892
3633,170,892
3634,158,892
3635,141,892
3636,190,892
3637,159,892
3638,88,892
3639,204,892
3640,96,892
3641,186,892
3642,244,892
3643,198,892
3644,194,892
3645,182,892
3646,136,892
3647,144,892
3648,213,892
3649,201,892
3650,153,892
3651,164,892
3652,155,892
3653,87,892
3654,174,892
3655,95,892
3656,234,892
3657,222,892
3658,154,892
3659,94,892
3660,250,892
3661,92,892
3662,226,892
3663,107,892
3664,139,892
3665,118,892
3666,147,892
3667,138,892
3668,163,892
3669,232,892
3670,129,892
3671,115,892
3672,192,892
3673,236,892
3674,114,892
3675,78,892
3676,90,892
3677,116,892
3678,207,892
3679,121,892
3680,71,892
3681,227,892
3682,109,892
3683,206,892
3684,123,892
3685,242,892
3686,142,892
3687,238,892
3688,172,892
3689,111,892
3690,205,892
3691,220,892
3692,162,892
3693,149,892
3694,240,892
3695,68,892
3696,246,892
3697,223,892
3698,86,892
3699,91,892
3700,82,892
3701,218,892
3702,184,892
3703,196,892
3704,216,892
3705,131,892
3706,177,892
3707,157,892
3708,176,892
3709,178,892
3710,67,892
3711,181,892
3712,209,892
3713,133,892
3714,102,892
3715,76,892
3716,228,892
3717,239,892
3718,188,892
3719,126,892
3720,150,892
3721,214,892
3722,83,892
3723,134,892
3724,212,892
3725,199,892
3726,195,892
3727,106,892
3728,100,892
3729,143,892
3730,237,892
3731,146,892
3732,127,892
3733,132,892
3734,70,892
3735,225,892
3736,203,892
3737,233,892
3738,124,892
3739,77,892
3740,179,892
3741,79,892
3742,130,892
3743,103,892
3744,122,892
3745,85,892
3746,101,892
3747,140,892
3748,125,892
3749,217,892
3750,211,892
3751,128,892
3752,152,892
3753,175,892
3754,221,893
3755,99,893
3756,197,893
3757,230,893
3758,93,893
3759,105,893
3760,245,893
3761,72,893
3762,119,893
3763,81,893
3764,89,893
3765,148,893
3766,165,893
3767,104,893
3768,151,893
3769,110,893
3770,247,893
3771,193,893
3772,84,893
3773,169,893
3774,113,893
3775,185,893
3776,202,893
3777,173,893
3778,161,893
3779,241,893
3780,98,893
3781,210,893
3782,171,893
3783,73,893
3784,208,893
3785,168,893
3786,69,893
3787,249,893
3788,156,893
3789,248,893
3790,80,893
3791,219,893
3792,183,893
3793,97,893
3794,167,893
3795,135,893
3796,120,893
3797,160,893
3798,180,893
3799,117,893
3800,243,893
3801,229,893
3802,231,893
3803,145,893
3804,74,893
3805,189,893
3806,166,893
3807,108,893
3808,112,893
3809,224,893
3810,187,893
3811,137,893
3812,191,893
3813,235,893
3814,215,893
3815,75,893
3816,170,893
3817,158,893
3818,141,893
3819,190,893
3820,159,893
3821,88,893
3822,204,893
3823,96,893
3824,186,893
3825,244,893
3826,198,893
3827,194,893
3828,182,893
3829,136,893
3830,144,893
3831,213,893
3832,201,893
3833,153,893
3834,164,893
3835,155,893
3836,87,893
3837,174,893
3838,95,893
3839,234,893
3840,222,893
3841,154,893
3842,94,893
3843,250,893
3844,92,893
3845,226,893
3846,107,893
3847,139,893
3848,118,893
3849,147,893
3850,138,893
3851,163,893
3852,232,893
3853,129,893
3854,115,893
3855,192,893
3856,236,893
3857,114,893
3858,78,893
3859,90,893
3860,116,893
3861,207,893
3862,121,893
3863,71,893
3864,227,893
3865,109,893
3866,206,893
3867,123,893
3868,242,893
3869,142,893
3870,238,893
3871,172,893
3872,111,893
3873,205,893
3874,220,893
3875,162,893
3876,149,893
3877,240,893
3878,68,893
3879,246,893
3880,223,893
3881,86,893
3882,91,893
3883,82,893
3884,218,893
3885,184,893
3886,196,893
3887,216,893
3888,131,893
3889,177,893
3890,157,893
3891,176,893
3892,178,893
3893,67,893
3894,181,893
3895,209,893
3896,133,893
3897,102,893
3898,76,893
3899,228,893
3900,239,893
3901,188,893
3902,126,893
3903,150,893
3904,214,893
3905,83,893
3906,134,893
3907,212,893
3908,199,893
3909,195,893
3910,106,893
3911,100,893
3912,143,893
3913,237,893
3914,146,893
3915,127,893
3916,132,893
3917,70,893
3918,225,893
3919,203,893
3920,233,893
3921,124,893
3922,77,893
3923,179,893
3924,79,893
3925,130,893
3926,103,893
3927,122,893
3928,85,893
3929,101,893
3930,140,893
3931,125,893
3932,217,893
3933,211,893
3934,128,893
3935,152,893
3936,175,893
3937,221,894
3938,99,894
3939,197,894
3940,230,894
3941,93,894
3942,105,894
3943,245,894
3944,72,894
3945,119,894
3946,81,894
3947,89,894
3948,148,894
3949,165,894
3950,104,894
3951,151,894
3952,110,894
3953,247,894
3954,193,894
3955,84,894
3956,169,894
3957,113,894
3958,185,894
3959,202,894
3960,173,894
3961,161,894
3962,241,894
3963,98,894
3964,210,894
3965,171,894
3966,73,894
3967,208,894
3968,168,894
3969,69,894
3970,249,894
3971,156,894
3972,248,894
3973,80,894
3974,219,894
3975,183,894
3976,97,894
3977,167,894
3978,135,894
3979,120,894
3980,160,894
3981,180,894
3982,117,894
3983,243,894
3984,229,894
3985,231,894
3986,145,894
3987,74,894
3988,189,894
3989,166,894
3990,108,894
3991,112,894
3992,224,894
3993,187,894
3994,137,894
3995,191,894
3996,235,894
3997,215,894
3998,75,894
3999,170,894
4000,158,894
4001,141,894
4002,190,894
4003,159,894
4004,88,894
4005,204,894
4006,96,894
4007,186,894
4008,244,894
4009,198,894
4010,194,894
4011,182,894
4012,136,894
4013,144,894
4014,213,894
4015,201,894
4016,153,894
4017,164,894
4018,155,894
4019,87,894
4020,174,894
4021,95,894
4022,234,894
4023,222,894
4024,154,894
4025,94,894
4026,250,894
4027,92,894
4028,226,894
4029,107,894
4030,139,894
4031,118,894
4032,147,894
4033,138,894
4034,163,894
4035,232,894
4036,129,894
4037,115,894
4038,192,894
4039,236,894
4040,114,894
4041,78,894
4042,90,894
4043,116,894
4044,207,894
4045,121,894
4046,71,894
4047,227,894
4048,109,894
4049,206,894
4050,123,894
4051,242,894
4052,142,894
4053,238,894
4054,172,894
4055,111,894
4056,205,894
4057,220,894
4058,162,894
4059,149,894
4060,240,894
4061,68,894
4062,246,894
4063,223,894
4064,86,894
4065,91,894
4066,82,894
4067,218,894
4068,184,894
4069,196,894
4070,216,894
4071,131,894
4072,177,894
4073,157,894
4074,176,894
4075,178,894
4076,67,894
4077,181,894
4078,209,894
4079,133,894
4080,102,894
4081,76,894
4082,228,894
4083,239,894
4084,188,894
4085,126,894
4086,150,894
4087,214,894
4088,83,894
4089,134,894
4090,212,894
4091,199,894
4092,195,894
4093,106,894
4094,100,894
4095,143,894
4096,237,894
4097,146,894
4098,127,894
4099,132,894
4100,70,894
4101,225,894
4102,203,894
4103,233,894
4104,124,894
4105,77,894
4106,179,894
4107,79,894
4108,130,894
4109,103,894
4110,122,894
4111,85,894
4112,101,894
4113,140,894
4114,125,894
4115,217,894
4116,211,894
4117,128,894
4118,152,894
4119,175,894
4120,221,895
4121,99,895
4122,197,895
4123,230,895
4124,93,895
4125,105,895
4126,245,895
4127,72,895
4128,119,895
4129,81,895
4130,89,895
4131,148,895
4132,165,895
4133,104,895
4134,151,895
4135,110,895
4136,247,895
4137,193,895
4138,84,895
4139,169,895
4140,113,895
4141,185,895
4142,202,895
4143,173,895
4144,161,895
4145,241,895
4146,98,895
4147,210,895
4148,171,895
4149,73,895
4150,208,895
4151,168,895
4152,69,895
4153,249,895
4154,156,895
4155,248,895
4156,80,895
4157,219,895
4158,183,895
4159,97,895
4160,167,895
4161,135,895
4162,120,895
4163,160,895
4164,180,895
4165,117,895
4166,243,895
4167,229,895
4168,231,895
4169,145,895
4170,74,895
4171,189,895
4172,166,895
4173,108,895
4174,112,895
4175,224,895
4176,187,895
4177,137,895
4178,191,895
4179,235,895
4180,215,895
4181,75,895
4182,170,895
4183,158,895
4184,141,895
4185,190,895
4186,159,895
4187,88,895
4188,204,895
4189,96,895
4190,186,895
4191,244,895
4192,198,895
4193,194,895
4194,182,895
4195,136,895
4196,144,895
4197,213,895
4198,201,895
4199,153,895
4200,164,895
4201,155,895
4202,87,895
4203,174,895
4204,95,895
4205,234,895
4206,222,895
4207,154,895
4208,94,895
4209,250,895
4210,92,895
4211,226,895
4212,107,895
4213,139,895
4214,118,895
4215,147,895
4216,138,895
4217,163,895
4218,232,895
4219,129,895
4220,115,895
4221,192,895
4222,236,895
4223,114,895
4224,78,895
4225,90,895
4226,116,895
4227,207,895
4228,121,895
4229,71,895
4230,227,895
4231,109,895
4232,206,895
4233,123,895
4234,242,895
4235,142,895
4236,238,895
4237,172,895
4238,111,895
4239,205,895
4240,220,895
4241,162,895
4242,149,895
4243,240,895
4244,68,895
4245,246,895
4246,223,895
4247,86,895
4248,91,895
4249,82,895
4250,218,895
4251,184,895
4252,196,895
4253,216,895
4254,131,895
4255,177,895
4256,157,895
4257,176,895
4258,178,895
4259,67,895
4260,181,895
4261,209,895
4262,133,895
4263,102,895
4264,76,895
4265,228,895
4266,239,895
4267,188,895
4268,126,895
4269,150,895
4270,214,895
4271,83,895
4272,134,895
4273,212,895
4274,199,895
4275,195,895
4276,106,895
4277,100,895
4278,143,895
4279,237,895
4280,146,895
4281,127,895
4282,132,895
4283,70,895
4284,225,895
4285,203,895
4286,233,895
4287,124,895
4288,77,895
4289,179,895
4290,79,895
4291,130,895
4292,103,895
4293,122,895
4294,85,895
4295,101,895
4296,140,895
4297,125,895
4298,217,895
4299,211,895
4300,128,895
4301,152,895
4302,175,895
4303,221,896
4304,99,896
4305,197,896
4306,230,896
4307,93,896
4308,105,896
4309,245,896
4310,72,896
4311,119,896
4312,81,896
4313,89,896
4314,148,896
4315,165,896
4316,104,896
4317,151,896
4318,110,896
4319,247,896
4320,193,896
4321,84,896
4322,169,896
4323,113,896
4324,185,896
4325,202,896
4326,173,896
4327,161,896
4328,241,896
4329,98,896
4330,210,896
4331,171,896
4332,73,896
4333,208,896
4334,168,896
4335,69,896
4336,249,896
4337,156,896
4338,248,896
4339,80,896
4340,219,896
4341,183,896
4342,97,896
4343,167,896
4344,135,896
4345,120,896
4346,160,896
4347,180,896
4348,117,896
4349,243,896
4350,229,896
4351,231,896
4352,145,896
4353,74,896
4354,189,896
4355,166,896
4356,108,896
4357,112,896
4358,224,896
4359,187,896
4360,137,896
4361,191,896
4362,235,896
4363,215,896
4364,75,896
4365,170,896
4366,158,896
4367,141,896
4368,190,896
4369,159,896
4370,88,896
4371,204,896
4372,96,896
4373,186,896
4374,244,896
4375,198,896
4376,194,896
4377,182,896
4378,136,896
4379,144,896
4380,213,896
4381,201,896
4382,153,896
4383,164,896
4384,155,896
4385,87,896
4386,174,896
4387,95,896
4388,234,896
4389,222,896
4390,154,896
4391,94,896
4392,250,896
4393,92,896
4394,226,896
4395,107,896
4396,139,896
4397,118,896
4398,147,896
4399,138,896
4400,163,896
4401,232,896
4402,129,896
4403,115,896
4404,192,896
4405,236,896
4406,114,896
4407,78,896
4408,90,896
4409,116,896
4410,207,896
4411,121,896
4412,71,896
4413,227,896
4414,109,896
4415,206,896
4416,123,896
4417,242,896
4418,142,896
4419,238,896
4420,172,896
4421,111,896
4422,205,896
4423,220,896
4424,162,896
4425,149,896
4426,240,896
4427,68,896
4428,246,896
4429,223,896
4430,86,896
4431,91,896
4432,82,896
4433,218,896
4434,184,896
4435,196,896
4436,216,896
4437,131,896
4438,177,896
4439,157,896
4440,176,896
4441,178,896
4442,67,896
4443,181,896
4444,209,896
4445,133,896
4446,102,896
4447,76,896
4448,228,896
4449,239,896
4450,188,896
4451,126,896
4452,150,896
4453,214,896
4454,83,896
4455,134,896
4456,212,896
4457,199,896
4458,195,896
4459,106,896
4460,100,896
4461,143,896
4462,237,896
4463,146,896
4464,127,896
4465,132,896
4466,70,896
4467,225,896
4468,203,896
4469,233,896
4470,124,896
4471,77,896
4472,179,896
4473,79,896
4474,130,896
4475,103,896
4476,122,896
4477,85,896
4478,101,896
4479,140,896
4480,125,896
4481,217,896
4482,211,896
4483,128,896
4484,152,896
4485,175,896
4486,221,897
4487,99,897
4488,197,897
4489,230,897
4490,93,897
4491,105,897
4492,245,897
4493,72,897
4494,119,897
4495,81,897
4496,89,897
4497,148,897
4498,165,897
4499,104,897
4500,151,897
4501,110,897
4502,247,897
4503,193,897
4504,84,897
4505,169,897
4506,113,897
4507,185,897
4508,202,897
4509,173,897
4510,161,897
4511,241,897
4512,98,897
4513,210,897
4514,171,897
4515,73,897
4516,208,897
4517,168,897
4518,69,897
4519,249,897
4520,156,897
4521,248,897
4522,80,897
4523,219,897
4524,183,897
4525,97,897
4526,167,897
4527,135,897
4528,120,897
4529,160,897
4530,180,897
4531,117,897
4532,243,897
4533,229,897
4534,231,897
4535,145,897
4536,74,897
4537,189,897
4538,166,897
4539,108,897
4540,112,897
4541,224,897
4542,187,897
4543,137,897
4544,191,897
4545,235,897
4546,215,897
4547,75,897
4548,170,897
4549,158,897
4550,141,897
4551,190,897
4552,159,897
4553,88,897
4554,204,897
4555,96,897
4556,186,897
4557,244,897
4558,198,897
4559,194,897
4560,182,897
4561,136,897
4562,144,897
4563,213,897
4564,201,897
4565,153,897
4566,164,897
4567,155,897
4568,87,897
4569,174,897
4570,95,897
4571,234,897
4572,222,897
4573,154,897
4574,94,897
4575,250,897
4576,92,897
4577,226,897
4578,107,897
4579,139,897
4580,118,897
4581,147,897
4582,138,897
4583,163,897
4584,232,897
4585,129,897
4586,115,897
4587,192,897
4588,236,897
4589,114,897
4590,78,897
4591,90,897
4592,116,897
4593,207,897
4594,121,897
4595,71,897
4596,227,897
4597,109,897
4598,206,897
4599,123,897
4600,242,897
4601,142,897
4602,238,897
4603,172,897
4604,111,897
4605,205,897
4606,220,897
4607,162,897
4608,149,897
4609,240,897
4610,68,897
4611,246,897
4612,223,897
4613,86,897
4614,91,897
4615,82,897
4616,218,897
4617,184,897
4618,196,897
4619,216,897
4620,131,897
4621,177,897
4622,157,897
4623,176,897
4624,178,897
4625,67,897
4626,181,897
4627,209,897
4628,133,897
4629,102,897
4630,76,897
4631,228,897
4632,239,897
4633,188,897
4634,126,897
4635,150,897
4636,214,897
4637,83,897
4638,134,897
4639,212,897
4640,199,897
4641,195,897
4642,106,897
4643,100,897
4644,143,897
4645,237,897
4646,146,897
4647,127,897
4648,132,897
4649,70,897
4650,225,897
4651,203,897
4652,233,897
4653,124,897
4654,77,897
4655,179,897
4656,79,897
4657,130,897
4658,103,897
4659,122,897
4660,85,897
4661,101,897
4662,140,897
4663,125,897
4664,217,897
4665,211,897
4666,128,897
4667,152,897
4668,175,897
4669,14,898
4670,23,899
4671,23,900
4672,17,901
4673,53,901
4674,63,901
4675,13,901
4676,16,901
4677,14,901
4678,15,901
4679,48,902
4680,47,902
4681,58,902
4682,10,903
4683,24,904
4684,17,905
4685,106,906
4686,221,907
4687,99,907
4688,197,907
4689,230,907
4690,93,907
4691,105,907
4692,245,907
4693,72,907
4694,119,907
4695,81,907
4696,89,907
4697,148,907
4698,165,907
4699,104,907
4700,151,907
4701,110,907
4702,247,907
4703,193,907
4704,84,907
4705,169,907
4706,113,907
4707,185,907
4708,202,907
4709,173,907
4710,161,907
4711,241,907
4712,98,907
4713,210,907
4714,171,907
4715,73,907
4716,208,907
4717,168,907
4718,69,907
4719,249,907
4720,156,907
4721,248,907
4722,80,907
4723,219,907
4724,183,907
4725,97,907
4726,167,907
4727,135,907
4728,120,907
4729,160,907
4730,180,907
4731,117,907
4732,243,907
4733,229,907
4734,231,907
4735,145,907
4736,74,907
4737,189,907
4738,166,907
4739,108,907
4740,112,907
4741,224,907
4742,187,907
4743,137,907
4744,191,907
4745,235,907
4746,215,907
4747,75,907
4748,170,907
4749,158,907
4750,141,907
4751,190,907
4752,159,907
4753,88,907
4754,204,907
4755,96,907
4756,186,907
4757,244,907
4758,198,907
4759,194,907
4760,182,907
4761,136,907
4762,144,907
4763,213,907
4764,201,907
4765,153,907
4766,164,907
4767,155,907
4768,87,907
4769,174,907
4770,95,907
4771,234,907
4772,222,907
4773,154,907
4774,94,907
4775,250,907
4776,92,907
4777,226,907
4778,107,907
4779,139,907
4780,118,907
4781,147,907
4782,138,907
4783,163,907
4784,232,907
4785,129,907
4786,115,907
4787,192,907
4788,236,907
4789,114,907
4790,78,907
4791,90,907
4792,116,907
4793,207,907
4794,121,907
4795,71,907
4796,227,907
4797,109,907
4798,206,907
4799,123,907
4800,242,907
4801,142,907
4802,238,907
4803,172,907
4804,111,907
4805,205,907
4806,220,907
4807,162,907
4808,149,907
4809,240,907
4810,68,907
4811,246,907
4812,223,907
4813,86,907
4814,91,907
4815,82,907
4816,218,907
4817,184,907
4818,196,907
4819,216,907
4820,131,907
4821,177,907
4822,157,907
4823,176,907
4824,178,907
4825,67,907
4826,181,907
4827,209,907
4828,133,907
4829,102,907
4830,76,907
4831,228,907
4832,239,907
4833,188,907
4834,126,907
4835,150,907
4836,214,907
4837,83,907
4838,134,907
4839,212,907
4840,199,907
4841,195,907
4842,106,907
4843,100,907
4844,143,907
4845,237,907
4846,146,907
4847,127,907
4848,132,907
4849,70,907
4850,225,907
4851,203,907
4852,233,907
4853,124,907
4854,77,907
4855,179,907
4856,79,907
4857,130,907
4858,103,907
4859,122,907
4860,85,907
4861,101,907
4862,140,907
4863,125,907
4864,217,907
4865,211,907
4866,128,907
4867,152,907
4868,175,907
4869,45,908
4870,12,908
4871,10,908
4872,43,908
4873,44,908
4874,11,908
4875,46,908
4876,17,909
4877,48,910
4878,47,910
4879,58,910
4880,23,911
4881,47,912
4882,27,913
4883,17,914
4884,23,915
4885,14,916
4886,17,917
4887,28,918
4888,12,919
4889,10,919
4890,45,919
4891,44,919
4892,11,919
4893,52,919
4894,46,919
4895,43,919
4896,12,920
4897,10,920
4898,45,920
4899,44,920
4900,11,920
4901,52,920
4902,46,920
4903,43,920
4904,29,921
4905,54,921
4906,31,921
4907,28,921
4908,30,921
4909,27,921
4910,221,922
4911,99,922
4912,197,922
4913,230,922
4914,93,922
4915,105,922
4916,245,922
4917,72,922
4918,119,922
4919,81,922
4920,89,922
4921,148,922
4922,165,922
4923,104,922
4924,151,922
4925,110,922
4926,247,922
4927,193,922
4928,84,922
4929,169,922
4930,113,922
4931,185,922
4932,202,922
4933,173,922
4934,161,922
4935,241,922
4936,98,922
4937,210,922
4938,171,922
4939,73,922
4940,208,922
4941,168,922
4942,69,922
4943,249,922
4944,156,922
4945,248,922
4946,80,922
4947,219,922
4948,183,922
4949,97,922
4950,167,922
4951,135,922
4952,120,922
4953,160,922
4954,180,922
4955,117,922
4956,243,922
4957,229,922
4958,231,922
4959,145,922
4960,74,922
4961,189,922
4962,166,922
4963,108,922
4964,112,922
4965,224,922
4966,187,922
4967,137,922
4968,191,922
4969,235,922
4970,215,922
4971,75,922
4972,170,922
4973,158,922
4974,141,922
4975,190,922
4976,159,922
4977,88,922
4978,204,922
4979,96,922
4980,186,922
4981,244,922
4982,198,922
4983,194,922
4984,182,922
4985,136,922
4986,144,922
4987,213,922
4988,201,922
4989,153,922
4990,164,922
4991,155,922
4992,87,922
4993,174,922
4994,95,922
4995,234,922
4996,222,922
4997,154,922
4998,94,922
4999,250,922
5000,92,922
5001,226,922
5002,107,922
5003,139,922
5004,118,922
5005,147,922
5006,138,922
5007,163,922
5008,232,922
5009,129,922
5010,115,922
5011,192,922
5012,236,922
5013,114,922
5014,78,922
5015,90,922
5016,116,922
5017,207,922
5018,121,922
5019,71,922
5020,227,922
5021,109,922
5022,206,922
5023,123,922
5024,242,922
5025,142,922
5026,238,922
5027,172,922
5028,111,922
5029,205,922
5030,220,922
5031,162,922
5032,149,922
5033,240,922
5034,68,922
5035,246,922
5036,223,922
5037,86,922
5038,91,922
5039,82,922
5040,218,922
5041,184,922
5042,196,922
5043,216,922
5044,131,922
5045,177,922
5046,157,922
5047,176,922
5048,178,922
5049,67,922
5050,181,922
5051,209,922
5052,133,922
5053,102,922
5054,76,922
5055,228,922
5056,239,922
5057,188,922
5058,126,922
5059,150,922
5060,214,922
5061,83,922
5062,134,922
5063,212,922
5064,199,922
5065,195,922
5066,106,922
5067,100,922
5068,143,922
5069,237,922
5070,146,922
5071,127,922
5072,132,922
5073,70,922
5074,225,922
5075,203,922
5076,233,922
5077,124,922
5078,77,922
5079,179,922
5080,79,922
5081,130,922
5082,103,922
5083,122,922
5084,85,922
5085,101,922
5086,140,922
5087,125,922
5088,217,922
5089,211,922
5090,128,922
5091,152,922
5092,175,922
5093,10,923
5094,12,924
5095,10,924
5096,45,924
5097,44,924
5098,11,924
5099,52,924
5100,46,924
5101,43,924
5102,10,925
5103,13,926
5104,16,926
5105,17,926
5106,17,927
5109,47,929
5111,27,930
5112,17,931
5113,17,932
5114,14,932
5115,15,932
5116,13,932
5117,16,932
5118,53,932
5119,63,932
5120,14,933
5121,29,934
5122,31,935
5123,28,935
5124,29,935
5125,15,936
5126,15,937
5127,29,938
5128,28,939
5129,27,940
5130,49,941
5131,59,941
5132,64,942
5133,62,942
5134,64,943
5135,62,943
5136,64,944
5137,62,944
5138,64,945
5139,62,945
5140,64,946
5141,62,946
5142,64,947
5143,62,947
5144,17,948
5145,27,949
5146,29,949
5147,54,949
5148,17,950
5149,14,951
5150,15,952
5151,16,953
5152,14,954
5153,14,955
5154,17,956
5155,17,957
5156,15,958
5157,14,958
5158,16,958
5159,13,958
5160,63,958
5161,53,958
5162,17,958
5163,23,959
5164,17,960
5165,17,961
5166,27,962
5167,30,962
5168,28,962
5169,31,962
5170,54,962
5171,29,962
5172,28,963
5173,15,964
5174,14,964
5175,16,964
5176,13,964
5177,63,964
5178,53,964
5179,17,964
5180,17,965
5181,17,966
5182,15,967
5183,14,967
5184,16,967
5185,13,967
5186,63,967
5187,53,967
5188,17,967
5189,27,968
5190,30,968
5191,28,968
5192,31,968
5193,54,968
5194,29,968
5195,27,969
5196,46,970
5197,52,970
5198,11,970
5199,44,970
5200,45,970
5201,10,970
5202,12,970
5203,43,970
5204,46,971
5205,52,971
5206,11,971
5207,44,971
5208,45,971
5209,10,971
5210,12,971
5211,43,971
5212,14,972
5213,27,973
5214,53,974
5215,17,974
5216,14,974
5217,15,975
5218,14,975
5219,16,975
5220,13,975
5221,63,975
5222,53,975
5223,17,975
5224,15,976
5225,14,976
5226,16,976
5227,13,976
5228,63,976
5229,53,976
5230,17,976
5231,27,977
5232,46,978
5233,52,978
5234,11,978
5235,44,978
5236,45,978
5237,10,978
5238,12,978
5239,43,978
5240,46,979
5241,52,979
5242,11,979
5243,44,979
5244,45,979
5245,10,979
5246,12,979
5247,43,979
5248,23,980
5249,15,981
5250,14,981
5251,16,981
5252,13,981
5253,63,981
5254,53,981
5255,17,981
5256,46,982
5257,52,982
5258,11,982
5259,44,982
5260,45,982
5261,10,982
5262,12,982
5263,43,982
5264,24,983
5265,24,984
5266,24,985
5267,59,986
5268,49,986
5269,15,987
5270,14,987
5271,16,987
5272,13,987
5273,63,987
5274,53,987
5275,17,987
5276,28,988
5277,28,989
5278,15,990
5279,14,990
5280,16,990
5281,13,990
5282,63,990
5283,53,990
5284,17,990
5285,14,991
5286,23,992
5287,47,993
5288,47,994
5289,15,995
5290,14,995
5291,16,995
5292,13,995
5293,63,995
5294,53,995
5295,17,995
5296,28,996
5297,30,996
5298,27,996
5299,29,996
5300,54,996
5301,31,996
5302,28,997
5303,30,997
5304,27,997
5305,29,997
5306,54,997
5307,31,997
5308,14,998
5309,46,999
5310,43,999
5311,12,999
5312,10,999
5313,45,999
5314,44,999
5315,11,999
5316,52,999
5325,23,1001
5326,28,1002
5327,23,1003
5328,11,1004
5329,46,1004
5330,12,1004
5331,10,1004
5332,43,1004
5333,44,1004
5334,52,1004
5335,11,1005
5336,46,1005
5337,12,1005
5338,10,1005
5339,43,1005
5340,44,1005
5341,52,1005
5342,49,1006
5343,59,1006
5344,27,1007
5345,27,1008
5347,15,1010
5348,17,1011
5349,17,1012
5350,56,1013
5351,24,1013
5352,25,1013
5353,56,1014
5354,24,1014
5355,25,1014
5356,27,1015
5357,29,1016
5358,12,1017
5359,17,1018
5362,16,1020
5363,13,1020
5364,63,1020
5365,53,1020
5366,17,1020
5367,15,1020
5368,14,1020
5369,15,1021
5370,17,1021
5371,53,1021
5372,63,1021
5373,13,1021
5374,16,1021
5375,14,1021
5376,59,1022
5377,49,1022
5378,15,1023
5379,15,1024
5380,15,1025
5381,15,1026
5382,52,1027
5383,11,1027
5384,44,1027
5385,45,1027
5386,10,1027
5387,12,1027
5388,43,1027
5389,46,1027
5390,52,1028
5391,11,1028
5392,44,1028
5393,45,1028
5394,10,1028
5395,12,1028
5396,43,1028
5397,46,1028
5398,29,1029
5399,17,1030
5400,14,1031
5401,31,1032
5402,54,1032
5403,29,1032
5404,27,1032
5405,30,1032
5406,28,1032
5407,17,1033
5408,59,1034
5409,49,1034
5410,47,1035
5411,47,1036
5412,47,1037
5413,47,1038
5414,24,1039
5415,17,1040
5416,24,1041
5417,24,1042
5418,17,1043
5419,23,1044
5420,28,1045
5421,59,1046
5422,49,1046
5423,23,1047
5424,23,1048
5425,17,1049
5426,17,1050
5427,23,1051
5428,29,1052
5429,29,1053
5430,23,1054
5431,12,1055
5432,52,1055
5433,43,1055
5434,10,1055
5435,44,1055
5436,52,1056
5437,11,1056
5438,44,1056
5439,45,1056
5440,10,1056
5441,12,1056
5442,43,1056
5443,46,1056
5444,52,1057
5445,11,1057
5446,44,1057
5447,45,1057
5448,10,1057
5449,12,1057
5450,43,1057
5451,46,1057
5452,23,1058
5453,23,1059
5454,17,1060
5455,63,1061
5456,53,1061
5457,17,1061
5458,15,1061
5459,14,1061
5460,16,1061
5461,13,1061
5462,31,1062
5463,54,1062
5464,29,1062
5465,27,1062
5466,30,1062
5467,28,1062
5468,52,1063
5469,11,1063
5470,44,1063
5471,45,1063
5472,10,1063
5473,12,1063
5474,43,1063
5475,46,1063
5476,59,1064
5477,49,1064
5478,52,1065
5479,11,1065
5480,44,1065
5481,45,1065
5482,10,1065
5483,12,1065
5484,43,1065
5485,46,1065
5486,24,1066
5487,56,1066
5488,25,1066
5489,17,1067
5490,64,1068
5491,64,1069
5492,64,1070
5493,62,1071
5494,62,1072
5495,62,1073
5496,17,1074
5497,17,1075
5498,56,983
5499,25,983
5500,23,1076
5501,12,1077
5502,10,1077
5503,45,1077
5504,44,1077
5505,11,1077
5506,52,1077
5507,46,1077
5508,43,1077
5509,12,1078
5510,10,1078
5511,45,1078
5512,44,1078
5513,11,1078
5514,52,1078
5515,46,1078
5516,43,1078
5517,15,1079
5518,15,1080
5519,47,1081
5520,47,1082
5521,15,1083
5522,15,1084
5523,15,1085
5524,15,1086
5525,27,1087
5526,47,1088
5527,49,1089
5528,59,1089
5529,48,1090
5530,47,1090
5531,58,1090
5532,48,1091
5533,47,1091
5534,58,1091
5535,23,1092
5536,17,1093
5537,47,1094
5538,17,1095
5539,17,1096
5540,47,1097
5541,48,1098
5542,47,1098
5543,58,1098
5546,48,1099
5547,47,1099
5548,58,1099
5549,29,1100
5550,54,1100
5551,31,1100
5552,28,1100
5553,30,1100
5554,27,1100
5555,48,1101
5556,47,1101
5557,58,1101
5558,17,1102
5559,27,1103
5560,27,1104
5561,17,1105
5562,14,1106
5563,16,1106
5564,13,1106
5565,63,1106
5566,53,1106
5567,17,1106
5568,15,1106
5569,30,1107
5570,28,1107
5571,31,1107
5572,54,1107
5573,29,1107
5574,27,1107
5575,17,1108
5576,17,1109
5577,25,1110
5578,24,1110
5579,56,1110
5580,25,1111
5581,24,1111
5582,56,1111
5583,24,1112
5584,17,1113
5585,30,1114
5586,28,1114
5587,31,1114
5588,54,1114
5589,29,1114
5590,27,1114
5591,27,1115
5592,27,1116
5593,14,1117
5594,16,1117
5595,13,1117
5596,63,1117
5597,53,1117
5598,17,1117
5599,15,1117
5600,27,1118
5601,17,1119
5602,52,1120
5603,11,1120
5604,44,1120
5605,45,1120
5606,10,1120
5607,12,1120
5608,43,1120
5609,46,1120
5626,52,1123
5627,11,1123
5628,44,1123
5629,45,1123
5630,10,1123
5631,12,1123
5632,43,1123
5633,46,1123
5634,43,1124
5635,10,1124
5636,52,1124
5637,12,1124
5638,45,1124
5639,46,1124
5640,11,1124
5641,44,1124
5642,59,1125
5643,49,1125
5644,10,1126
5645,10,1127
5650,10,1128
5654,52,1129
5655,11,1129
5656,44,1129
5657,45,1129
5658,10,1129
5659,12,1129
5660,43,1129
5661,46,1129
5662,17,1130
5663,14,1131
5664,16,1131
5665,13,1131
5666,63,1131
5667,53,1131
5668,17,1131
5669,15,1131
5670,52,1132
5671,11,1132
5672,44,1132
5673,45,1132
5674,10,1132
5675,12,1132
5676,43,1132
5677,46,1132
5686,14,1134
5687,16,1134
5688,13,1134
5689,63,1134
5690,53,1134
5691,17,1134
5692,15,1134
5693,27,1135
5694,24,1136
5695,14,1137
5696,30,1138
5697,28,1138
5698,31,1138
5699,54,1138
5700,29,1138
5701,27,1138
5702,30,1139
5703,28,1139
5704,31,1139
5705,54,1139
5706,29,1139
5707,27,1139
5708,27,1140
5709,12,1141
5710,10,1141
5711,45,1141
5712,44,1141
5713,11,1141
5714,52,1141
5715,46,1141
5716,43,1141
5717,12,1142
5718,10,1142
5719,45,1142
5720,44,1142
5721,11,1142
5722,52,1142
5723,46,1142
5724,43,1142
5725,12,1143
5726,10,1143
5727,45,1143
5728,44,1143
5729,11,1143
5730,52,1143
5731,46,1143
5732,43,1143
5733,12,1144
5734,10,1144
5735,45,1144
5736,44,1144
5737,11,1144
5738,52,1144
5739,46,1144
5740,43,1144
5741,28,1145
5742,28,1146
5743,17,1147
5744,47,1148
5745,12,1149
5746,10,1149
5747,45,1149
5748,44,1149
5749,11,1149
5750,52,1149
5751,46,1149
5752,43,1149
5753,210,1150
5754,12,1151
5755,10,1151
5756,45,1151
5757,44,1151
5758,11,1151
5759,52,1151
5760,46,1151
5761,43,1151
5762,10,1152
5763,10,1153
5764,29,1154
5765,17,1155
5766,17,1156
5768,17,1158
5769,53,1158
5770,63,1158
5771,13,1158
5772,16,1158
5773,14,1158
5774,15,1158
5775,17,1159
5776,53,1159
5777,63,1159
5778,13,1159
5779,16,1159
5780,14,1159
5781,15,1159
5782,17,1160
5783,53,1160
5784,63,1160
5785,13,1160
5786,16,1160
5787,14,1160
5788,15,1160
5789,17,1161
5790,15,1162
5799,16,1164
5800,17,1165
5801,17,1166
5802,53,1166
5803,63,1166
5804,13,1166
5805,16,1166
5806,14,1166
5807,15,1166
5808,17,1167
5809,53,1167
5810,63,1167
5811,13,1167
5812,16,1167
5813,14,1167
5814,15,1167
5815,17,1168
5816,28,1169
5825,10,1171
5826,45,1171
5827,44,1171
5828,11,1171
5829,52,1171
5830,46,1171
5831,43,1171
5832,12,1171
5833,17,1172
5834,47,1173
5835,47,1174
5836,25,1175
5837,25,1176
5838,24,1176
5839,24,1177
5840,25,1177
5841,56,1177
5842,17,1178
5843,53,1178
5844,63,1178
5845,13,1178
5846,16,1178
5847,14,1178
5848,15,1178
5849,63,1179
5850,24,1180
5851,27,1181
5852,30,1181
5853,28,1181
5854,31,1181
5855,54,1181
5856,29,1181
5857,14,1182
5858,14,1183
5859,59,1184
5860,49,1184
5861,28,1185
5862,15,1186
5863,29,1187
5864,27,1188
5865,27,1189
5866,210,1190
5867,49,1191
5868,17,1192
5869,29,1193
5870,47,1194
5871,47,1195
5872,15,1196
5873,14,1196
5874,16,1196
5875,13,1196
5876,63,1196
5877,53,1196
5878,17,1196
5879,15,1197
5880,14,1197
5881,16,1197
5882,13,1197
5883,63,1197
5884,53,1197
5885,17,1197
5886,56,1198
5887,25,1198
5888,24,1198
5889,63,1199
5890,53,1199
5891,17,1199
5892,15,1199
5893,14,1199
5894,16,1199
5895,13,1199
5896,59,1200
5897,49,1200
5898,55,1201
5899,23,1201
5900,23,1202
5901,15,1203
5902,15,1204
5903,47,1205
5904,56,1206
5905,25,1206
5906,24,1206
5907,149,1207
5908,24,1208
5909,23,1209
5910,23,1210
5911,28,1211
5912,63,1212
5913,53,1212
5914,17,1212
5915,15,1212
5916,14,1212
5917,16,1212
5918,13,1212
5919,17,1213
5920,63,1214
5921,53,1214
5922,17,1214
5923,15,1214
5924,14,1214
5925,16,1214
5926,13,1214
5927,17,1215
5928,29,1216
5929,17,1217
5930,64,1218
5931,62,1218
5932,64,1219
5933,62,1219
5934,64,1220
5935,62,1220
5936,64,1221
5937,62,1221
5938,64,1222
5939,62,1222
5940,17,1223
5941,44,1224
5942,11,1224
5943,52,1224
5944,46,1224
5945,43,1224
5946,12,1224
5947,10,1224
5948,45,1224
5949,106,1225
5950,106,1226
5951,106,1227
5952,11,1228
5953,17,1229
5954,28,1230
5955,30,1230
5956,27,1230
5957,29,1230
5958,54,1230
5959,31,1230
5960,28,1231
5961,30,1231
5962,27,1231
5963,29,1231
5964,54,1231
5965,31,1231
5966,17,1232
5967,64,1233
5968,62,1233
5969,14,1234
5970,17,1235
5971,17,1236
5972,17,1237
5973,44,1238
5974,11,1238
5975,52,1238
5976,46,1238
5977,43,1238
5978,12,1238
5979,10,1238
5980,45,1238
5981,27,1239
5982,15,1240
5983,27,1241
5984,14,1242
5985,23,1243
5986,23,1244
5987,23,1245
5988,55,1245
5989,44,1246
5990,11,1246
5991,52,1246
5992,46,1246
5993,43,1246
5994,12,1246
5995,10,1246
5996,45,1246
5997,10,1247
5998,52,1248
5999,46,1248
6000,43,1248
6001,12,1248
6002,10,1248
6003,45,1248
6004,44,1248
6005,11,1248
6006,13,1249
6007,16,1249
6008,14,1249
6009,15,1249
6010,17,1249
6011,53,1249
6012,63,1249
6013,27,1250
6014,27,1251
6015,49,1252
6016,28,1253
6017,30,1253
6018,27,1253
6019,29,1253
6020,54,1253
6021,31,1253
6022,27,1254
6023,27,1255
6024,17,1256
6025,17,1257
6026,17,1258
6027,17,1259
6028,59,1260
6029,49,1260
6030,59,1261
6031,49,1261
6032,17,1262
6033,27,1263
6034,31,1264
6035,29,1265
6036,59,1266
6037,49,1266
6038,59,1267
6039,49,1267
6040,59,1268
6041,49,1268
6042,59,1269
6043,49,1269
6044,59,1270
6045,49,1270
6046,17,1271
6047,17,1272
6048,15,1273
6049,14,384
6051,11,1274
6052,49,1275
6053,59,1275
6054,49,1276
6055,59,1276
6056,27,1277
6057,27,1278
6058,17,1279
6066,49,1280
6067,59,1280
6069,14,1281
6070,14,632
6071,15,632
6072,13,632
6073,16,632
6074,53,632
6075,17,632
6076,63,632
6077,49,1282
6078,59,1282
6080,17,1283
6081,14,766
6082,15,766
6083,13,766
6084,16,766
6085,53,766
6086,17,766
6087,63,766
6088,49,1284
6089,59,1284
6090,49,1285
6091,59,1285
6092,17,1286
6093,14,1287
6094,15,1287
6095,13,1287
6096,16,1287
6097,53,1287
6098,17,1287
6099,63,1287
6102,49,1289
6103,59,1289
6106,49,1290
6107,59,1290
6108,49,1291
6109,59,1291
6110,23,1292
6113,23,1293
6114,55,1293
6115,23,1294
6116,54,1295
6117,29,1295
6118,27,1295
6119,30,1295
6120,28,1295
6121,31,1295
6122,75,1296
6123,210,1296
6124,225,1296
6125,89,1296
6126,106,1296
6127,107,1296
6128,199,1296
6129,215,1296
6130,214,1296
6131,157,1296
6132,151,1296
6133,186,1296
6134,128,1296
6135,224,1296
6136,85,1296
6137,68,1296
6138,104,1296
6139,126,1296
6140,118,1296
6141,220,1296
6142,142,1296
6143,109,1296
6144,196,1296
6145,80,1296
6148,55,1298
6150,14,737
6151,15,737
6152,13,737
6153,16,737
6154,53,737
6155,17,737
6156,63,737
6157,10,1299
6158,52,1299
6159,12,1299
6160,45,1299
6161,43,1299
6162,46,1299
6163,11,1299
6164,44,1299
6165,17,1300
6166,14,1301
6167,15,1301
6168,13,1301
6169,16,1301
6170,53,1301
6171,17,1301
6172,63,1301
6173,49,1302
6174,59,1302
6175,14,1303
6176,15,1303
6177,13,1303
6178,16,1303
6179,53,1303
6180,17,1303
6181,63,1303
6182,49,1304
6183,59,1304
6184,17,1157
6186,17,1305
6194,14,673
6195,17,673
6196,14,1306
6197,15,1306
6198,13,1306
6199,16,1306
6200,53,1306
6201,17,1306
6202,63,1306
6203,14,433
6204,14,603
6205,15,603
6206,13,603
6207,16,603
6208,53,603
6209,17,603
6210,63,603
6211,14,1307
6212,15,1307
6213,13,1307
6214,16,1307
6215,53,1307
6216,17,1307
6217,63,1307
6218,17,1308
6233,14,1309
6234,15,1309
6235,13,1309
6236,16,1309
6237,53,1309
6238,17,1309
6239,63,1309
6240,14,1310
6250,15,1313
6251,49,1297
6252,59,1297
6253,15,1009
6268,14,1312
6269,15,1312
6270,13,1312
6271,16,1312
6272,53,1312
6273,17,1312
6274,63,1312
6275,15,1311
6283,14,1314
6284,15,1314
6285,13,1314
6286,16,1314
6287,53,1314
6288,17,1314
6289,63,1314
6290,55,1315
6291,23,1316
6292,55,1316
6293,47,1317
